"","1","2","3","4","5","6","7","8","9","10","11","12","13","14","15","16","17","18","19","20","21","22","23","24","25","26","27","28","29","30","31","32","33","34","35","36","37","38","39","40","41","42","43","44","45","46","47","48","49","50","51","52","53","54","55","56","57","58","59","60","61","62","63","64","65","66","67","68","69","70","71","72","73","74","75","76","77","78","79","80","81","82","83","84","85","86","87","88","89","90","91","92","93","94","95","96","97","98","99","100"
"1",634,644,644,638,635,642,638,638,631,632,631,633,629,630,641,640,642,630,639,633,641,642,640,651,641,624,637,639,630,640,645,642,646,639,645,634,638,644,647,640,637,636,634,634,641,640,651,638,642,635,639,635,635,628,635,644,643,652,630,635,651,637,643,634,628,643,637,649,621,631,635,642,632,645,641,636,647,624,627,637,633,630,644,638,644,632,637,642,629,633,626,639,640,634,626,654,656,636,637,634
"2",99,97,92,94,96,96,100,93,100,99,99,96,98,98,98,93,95,103,95,99,92,89,94,88,92,106,93,95,97,94,90,100,94,91,100,98,91,94,93,94,100,97,99,95,94,93,91,91,97,97,100,97,96,99,92,98,94,98,97,99,91,98,93,96,101,97,91,90,102,96,97,97,97,92,94,97,93,101,101,97,96,104,96,93,92,98,94,94,100,95,101,96,92,97,101,85,91,104,97,99
"3",22,20,23,26,21,23,21,22,21,27,22,24,27,24,22,27,21,24,21,19,25,25,23,23,25,18,21,21,24,26,26,21,23,27,24,24,25,26,21,25,24,25,23,24,24,24,23,25,20,22,20,26,26,23,26,25,25,21,23,21,21,23,26,22,23,21,26,23,20,24,21,22,22,26,25,26,20,25,22,21,25,24,23,25,24,24,26,24,23,23,24,21,25,20,24,23,23,18,25,26
"4",15,13,14,16,15,13,12,15,15,15,16,14,12,14,11,14,16,12,13,14,16,16,14,18,15,14,15,14,13,11,15,16,19,14,15,12,15,17,17,15,11,14,14,18,14,13,15,18,16,12,14,13,12,13,14,11,16,14,15,14,14,14,11,16,12,13,14,13,15,14,18,17,18,13,15,9,15,13,15,15,14,11,14,16,14,16,10,12,14,14,12,16,13,13,13,18,13,15,13,12
"5",8,8,8,4,7,7,9,8,7,4,7,8,7,6,8,7,7,9,9,9,8,6,9,8,8,8,8,9,10,10,6,4,4,9,6,9,7,4,6,8,9,7,10,5,7,8,8,7,8,9,8,9,6,8,9,6,7,9,7,7,11,8,8,7,11,8,9,9,9,8,6,7,6,7,7,11,8,10,7,8,7,12,7,8,8,6,11,9,6,10,11,8,9,9,10,6,8,7,9,7
"6",5,4,4,4,6,6,4,3,3,4,4,5,4,3,4,3,4,4,5,6,1,7,2,5,4,5,4,4,2,4,4,6,5,2,2,5,3,4,7,3,3,4,1,3,4,3,3,4,4,5,4,2,4,6,5,5,4,5,4,5,3,6,4,5,3,6,3,4,5,5,4,3,4,5,2,4,4,3,4,5,4,4,6,2,4,3,3,4,5,4,2,3,4,5,3,3,4,4,4,4
"7",5,3,3,5,2,2,3,4,5,5,3,2,5,4,6,3,4,5,3,3,4,2,4,1,4,2,2,4,5,2,3,4,3,3,4,3,4,3,2,4,3,3,3,4,4,4,6,2,4,4,4,4,4,2,1,4,4,3,3,5,4,2,4,2,3,0,4,4,1,2,3,3,3,2,4,3,4,2,4,2,4,1,1,6,5,2,3,4,3,5,2,2,4,3,2,3,4,2,2,4
"8",1,4,5,4,4,3,5,4,2,3,4,3,1,2,2,4,4,2,4,3,4,3,3,3,2,5,4,2,3,3,5,2,4,3,3,3,4,6,3,5,4,2,3,3,3,3,3,4,4,4,2,2,2,3,2,2,3,5,2,3,1,4,3,4,5,5,2,2,4,3,4,3,3,4,4,3,1,5,2,3,2,2,4,3,3,4,2,3,3,2,4,3,1,3,5,3,2,3,4,3
"9",3,2,2,2,2,3,1,2,3,1,3,3,3,4,3,2,1,1,2,2,3,2,3,2,2,2,3,3,2,3,1,2,1,3,3,2,3,1,3,1,2,3,3,3,2,3,1,3,2,2,4,3,4,3,4,3,2,1,4,1,3,2,2,2,2,2,3,3,4,3,3,2,3,2,2,2,4,1,3,3,3,4,2,1,1,3,4,2,3,2,3,4,4,3,3,3,4,4,4,2
"10",0,0,0,0,0,0,0,0,0,1,1,1,0,0,0,1,0,1,1,0,0,0,0,0,0,1,0,1,1,0,0,2,1,0,0,0,0,1,0,1,0,0,1,0,0,1,0,0,0,0,0,0,1,1,0,2,0,1,1,0,1,0,1,0,0,0,0,2,0,0,0,0,1,0,1,0,1,0,0,1,0,0,0,1,0,0,1,0,0,1,1,1,1,0,0,0,0,1,0,0
"11",2,1,1,0,1,3,1,2,2,0,0,0,1,1,0,1,2,1,1,2,0,1,2,2,1,0,1,1,1,2,2,0,1,2,0,2,1,1,1,0,3,2,0,3,1,2,1,2,2,1,1,2,1,0,1,0,1,1,0,1,2,2,0,2,2,1,3,0,1,2,1,2,2,2,2,2,1,1,2,0,1,1,1,1,2,2,2,3,2,2,1,1,0,1,1,2,0,2,0,1
"12",0,2,1,3,2,0,3,1,1,2,1,3,2,2,2,1,1,1,1,1,2,3,2,1,2,2,2,1,2,1,1,2,1,1,2,1,1,1,1,1,1,1,2,1,2,1,1,0,1,1,1,1,1,2,2,2,1,0,2,2,0,0,2,1,0,3,0,2,1,1,2,1,1,1,0,1,1,2,1,2,2,1,2,2,1,2,0,1,1,0,2,1,2,3,1,1,3,0,2,2
"13",1,1,1,0,1,0,0,1,1,0,0,0,0,0,0,0,0,0,1,1,1,0,0,1,0,0,0,0,0,1,0,0,1,0,1,1,0,0,0,0,0,0,1,0,0,0,1,0,0,1,0,1,1,0,1,0,0,0,0,0,1,1,0,0,0,0,1,0,0,1,0,1,0,0,0,1,1,0,1,1,1,1,1,0,0,0,0,0,0,0,0,0,1,0,1,1,0,0,0,0
"14",0,0,0,0,0,1,0,0,0,1,1,0,1,1,1,1,1,1,0,0,0,0,0,0,1,1,1,1,0,0,1,0,0,1,0,0,1,0,1,1,0,1,0,0,1,0,0,1,0,0,1,0,0,1,0,0,1,0,1,1,0,0,1,1,1,0,0,0,1,0,0,0,0,1,1,0,0,1,0,0,0,0,0,0,1,0,1,0,1,1,0,1,0,0,0,0,1,1,0,1
"15",0,0,0,0,0,0,0,0,0,0,0,0,0,0,0,0,0,0,0,0,0,0,0,0,0,0,0,0,0,0,0,0,0,0,0,0,0,0,0,0,0,0,0,0,0,0,0,0,0,0,0,0,0,0,0,0,0,0,0,0,0,0,0,0,0,0,0,0,0,0,0,0,0,0,0,0,0,0,0,1,0,0,0,0,0,0,0,0,0,0,0,0,0,0,1,0,0,0,0,0
"16",0,0,0,0,0,0,0,0,0,0,0,0,0,0,0,0,0,0,0,0,0,0,0,0,0,0,0,0,0,0,0,0,1,0,0,0,0,0,0,0,0,0,0,0,0,0,0,0,0,0,0,0,0,0,0,0,0,0,0,0,0,0,0,0,0,0,0,0,0,0,0,0,0,0,0,0,0,0,0,0,0,0,0,0,0,0,0,0,0,0,0,0,1,0,0,0,0,1,0,0
"17",0,0,0,0,0,0,0,0,0,0,0,0,0,0,0,0,1,0,0,0,0,0,0,0,0,0,0,0,0,0,0,0,0,0,0,0,0,0,1,0,0,0,0,0,0,0,0,0,0,0,1,0,0,0,0,0,0,0,0,0,0,0,0,0,0,0,0,0,0,0,0,0,0,1,0,0,0,0,0,0,0,0,0,0,0,0,0,0,0,1,0,0,0,0,0,0,0,0,0,1
"18",0,0,0,0,0,0,1,0,0,0,0,0,0,0,0,0,0,0,1,1,0,0,1,0,1,0,0,0,0,0,0,0,0,0,0,0,0,0,0,1,0,0,0,0,0,0,0,0,0,0,0,0,0,1,0,0,0,0,0,0,0,0,0,0,0,0,1,0,0,0,0,0,0,0,1,0,0,0,0,0,0,0,1,0,1,0,1,0,0,0,0,2,0,0,0,0,0,0,0,0
"19",0,1,0,1,1,3,1,1,1,0,1,0,0,0,1,0,0,0,1,0,0,1,0,2,1,2,0,1,1,2,1,0,0,1,1,1,0,0,1,0,0,0,0,2,1,0,0,1,2,1,0,1,1,0,2,1,1,1,1,0,1,0,1,0,1,1,0,1,0,1,0,1,0,1,0,0,1,0,1,0,1,1,1,1,0,0,0,1,1,1,1,0,1,1,0,0,0,1,1,0
"20",1,1,2,1,0,0,0,0,0,1,0,2,1,1,0,2,1,2,0,0,2,1,1,0,0,0,1,1,0,0,1,1,1,1,1,1,1,2,0,1,1,1,1,0,1,1,1,1,0,0,0,1,0,1,0,1,2,0,1,2,1,1,0,1,1,1,0,1,2,0,1,0,2,0,1,1,1,2,0,0,1,0,0,1,1,1,0,0,0,0,0,0,0,0,1,2,1,0,1,1
"21",2,0,0,0,1,0,0,1,1,1,2,1,1,1,2,1,0,0,0,2,1,0,0,0,0,1,1,1,1,1,1,1,0,1,1,1,1,0,1,0,1,1,1,0,1,1,1,1,1,1,2,0,1,1,0,0,0,1,0,1,0,2,1,2,1,0,1,0,0,1,2,1,1,0,0,2,1,0,1,1,0,1,1,1,1,1,2,2,2,0,1,0,1,2,0,0,0,0,0,0
"22",0,0,0,0,1,0,0,1,0,0,0,0,1,0,0,0,0,0,1,0,0,1,1,0,0,0,1,0,0,0,0,0,1,0,0,0,1,1,0,0,1,1,1,1,0,0,0,0,0,0,0,1,1,0,1,1,0,1,0,0,0,0,1,0,0,0,0,1,0,1,0,1,0,0,1,0,0,1,0,0,1,1,0,0,0,0,0,0,0,1,1,1,0,0,0,0,1,0,0,1
"23",0,1,1,1,0,0,1,0,1,1,0,0,0,1,0,0,1,1,0,0,0,0,0,1,1,0,0,0,1,0,0,1,0,0,0,0,0,0,0,1,0,0,0,0,0,1,1,0,0,1,0,0,0,0,0,0,0,0,1,0,1,0,0,0,0,1,1,0,1,0,0,0,0,1,0,0,0,0,1,1,0,0,0,0,0,1,0,0,0,0,0,0,0,0,1,1,0,1,1,0
"24",637,627,627,614,614,621,617,620,623,609,623,625,622,609,615,606,617,603,616,618,626,616,617,611,611,629,614,609,621,624,629,629,616,619,606,613,609,606,623,620,612,605,623,621,630,615,613,603,611,614,618,616,612,608,610,611,601,625,622,604,617,630,614,602,607,621,623,621,613,603,615,629,619,609,611,623,619,615,616,605,629,620,609,618,609,618,625,612,624,621,622,613,609,609,613,625,603,621,622,614
"25",89,89,82,95,100,88,86,87,92,92,84,91,93,93,87,91,89,99,86,87,88,85,94,91,91,81,86,94,91,97,86,79,87,86,89,90,97,93,94,81,91,91,91,80,79,88,92,92,85,88,90,91,91,92,92,87,89,84,86,95,88,87,93,92,92,93,86,93,84,96,93,86,89,89,89,85,93,94,94,88,85,85,99,89,97,83,95,92,88,91,87,90,84,91,93,90,92,94,89,94
"26",19,21,24,18,17,22,25,21,26,20,26,25,22,28,24,23,23,25,25,26,25,23,24,23,24,29,26,23,23,18,21,23,22,23,27,26,22,23,24,21,25,27,23,26,25,25,22,20,22,23,21,25,19,26,24,24,26,25,19,23,28,20,23,21,25,27,23,22,23,19,19,19,20,22,20,19,23,20,19,22,23,21,15,24,18,20,22,27,21,20,23,21,28,21,20,25,20,20,24,20
"27",8,16,14,13,15,10,12,17,10,14,9,13,12,12,13,15,12,11,14,12,12,19,12,8,14,10,8,13,15,12,16,15,15,17,13,13,17,12,10,18,11,9,8,9,16,10,14,16,14,12,19,10,17,15,10,16,14,14,17,9,12,11,12,12,16,9,16,10,14,16,15,16,18,12,16,14,14,10,16,17,18,15,17,14,15,14,14,11,16,17,12,14,14,13,13,15,14,13,15,12
"28",8,5,7,8,8,8,11,4,9,9,8,6,6,4,6,5,5,5,9,6,6,3,5,7,5,6,11,7,6,9,4,7,6,5,6,6,2,8,7,4,6,8,8,11,7,9,6,8,7,10,8,9,5,7,10,4,6,4,7,8,6,8,6,8,6,8,5,8,11,5,7,6,5,9,5,10,6,8,2,6,3,6,5,4,5,9,3,4,5,7,5,9,2,6,7,7,9,6,7,10
"29",3,1,4,5,2,2,5,4,4,6,5,4,3,5,4,7,5,3,3,6,5,4,5,4,4,5,0,6,3,1,3,3,4,4,3,2,4,3,4,4,4,3,4,4,4,3,1,3,5,2,2,4,4,3,4,5,5,5,2,5,3,3,4,6,4,2,3,4,3,3,2,3,4,4,6,2,6,3,8,4,3,4,3,6,4,4,4,4,3,5,6,2,7,4,3,4,3,5,4,1
"30",4,4,4,4,3,5,3,4,3,3,4,4,3,4,4,1,4,3,3,1,3,3,4,3,5,1,6,1,6,1,5,4,3,3,4,4,4,2,4,3,2,4,3,3,3,4,5,7,5,1,0,4,2,1,1,5,2,5,4,3,2,4,1,2,2,4,3,3,1,3,5,5,3,5,3,3,3,5,1,1,3,3,5,4,3,3,5,4,6,3,5,3,4,7,5,3,4,2,2,3
"31",3,3,2,2,4,1,4,4,2,2,1,4,5,3,3,3,4,4,3,4,5,5,3,6,2,4,2,4,2,4,4,2,5,3,3,1,5,2,4,4,2,3,4,6,2,4,4,2,2,3,6,2,5,5,4,3,2,2,5,4,3,3,4,4,3,4,4,4,4,5,4,2,2,3,4,3,2,3,3,5,7,4,4,2,4,4,4,4,1,1,3,4,1,0,1,3,2,2,1,3
"32",1,3,3,1,2,3,0,0,1,3,2,1,1,1,2,1,0,2,2,3,0,1,3,1,1,2,2,1,0,3,1,3,0,3,1,3,0,5,0,2,4,3,2,0,2,0,2,1,2,3,0,3,1,1,1,1,4,3,1,2,2,1,2,2,3,1,2,0,3,2,2,1,3,1,1,2,1,1,2,2,1,2,1,1,1,2,0,1,2,2,1,2,2,2,3,1,4,2,6,3
"33",0,0,1,2,0,0,0,1,1,0,2,1,1,2,0,1,0,0,0,0,1,0,1,1,1,0,0,1,0,0,0,1,1,0,0,1,1,1,2,2,1,1,2,2,2,1,0,1,1,2,2,0,2,0,0,0,0,0,1,1,1,1,1,1,0,1,1,1,1,0,0,0,1,0,1,0,1,1,1,1,0,0,0,1,1,1,1,2,1,0,2,1,0,0,0,0,0,1,0,0
"34",1,1,1,1,0,2,0,2,1,1,0,0,1,0,3,1,2,2,2,1,1,2,1,3,1,0,4,0,0,2,1,1,2,0,2,1,0,0,1,1,1,1,0,0,0,1,1,0,0,1,1,0,1,2,3,1,2,2,2,1,2,1,1,0,1,1,0,1,0,2,1,2,2,2,0,2,0,2,1,2,0,0,2,2,2,0,2,1,1,2,0,0,1,3,1,1,0,1,0,2
"35",2,1,1,1,1,1,2,1,0,1,1,1,0,1,0,1,1,1,1,1,0,1,1,0,2,2,0,1,3,0,1,1,1,1,1,2,1,1,0,1,1,0,0,1,1,2,1,2,2,0,0,1,0,1,0,1,0,0,0,0,0,1,1,1,1,0,1,1,1,0,1,1,0,0,1,2,2,1,1,0,0,2,0,1,1,1,0,1,0,0,0,2,2,0,1,0,1,2,1,1
"36",1,1,1,0,1,0,0,0,1,0,1,0,1,0,0,0,1,1,0,0,0,0,0,0,0,1,0,1,0,0,0,0,0,1,0,0,1,1,0,0,1,1,1,0,0,0,0,0,0,0,1,2,1,0,0,1,1,0,0,1,1,1,1,1,0,0,0,0,2,1,0,1,0,1,0,0,0,0,0,1,1,1,0,0,0,1,0,1,0,0,0,0,0,0,0,0,1,0,0,0
"37",0,0,0,0,0,1,0,0,0,1,0,0,0,0,0,1,0,0,0,0,2,0,0,0,0,0,0,0,0,1,1,0,0,0,1,0,0,0,0,0,1,0,0,0,0,0,1,0,0,1,1,0,0,0,1,0,0,0,0,0,0,0,0,0,0,1,1,1,0,0,0,0,0,0,1,0,0,0,1,1,0,0,1,0,0,0,0,0,1,1,1,0,1,1,1,1,0,0,0,0
"38",0,0,0,0,0,0,0,0,0,0,0,0,0,0,0,0,0,1,0,0,0,0,0,0,0,0,0,0,0,0,1,0,0,0,0,0,0,0,0,0,0,0,0,0,0,0,0,0,0,0,0,0,0,0,0,0,0,0,0,0,0,0,0,0,0,0,0,0,0,0,0,0,0,0,0,0,1,0,0,0,0,0,0,0,0,0,0,0,0,0,0,0,0,0,0,0,0,0,0,0
"39",0,0,1,1,0,0,0,0,0,0,0,1,0,0,0,0,1,0,0,0,0,0,0,0,0,0,0,0,0,0,0,1,0,0,0,0,0,1,0,0,0,0,0,1,0,0,1,0,0,0,0,0,1,0,0,0,0,0,0,0,0,0,0,0,0,0,0,0,0,0,0,1,0,0,0,1,0,0,0,0,0,0,0,0,0,0,0,0,0,0,0,0,0,0,0,0,0,0,1,0
"40",0,0,0,0,0,0,0,1,0,0,1,0,0,0,0,0,0,1,2,1,0,0,0,0,0,0,0,0,0,0,1,0,1,0,1,0,0,0,0,1,0,0,0,0,0,0,0,0,0,1,0,0,0,0,0,0,0,0,1,0,0,1,0,0,0,2,1,1,0,0,1,0,1,0,0,0,0,0,1,0,0,0,1,1,0,1,0,0,0,2,1,0,0,1,0,1,0,1,0,0
"41",1,3,0,0,1,0,2,0,2,0,0,1,1,0,0,0,0,0,0,0,1,2,0,0,2,1,0,0,1,1,0,0,1,2,0,1,1,1,0,0,1,1,2,0,1,1,1,2,0,0,1,0,1,1,1,0,1,1,0,0,2,0,0,1,0,1,1,1,0,1,0,0,0,1,0,1,0,0,2,0,1,2,0,1,1,0,2,0,1,0,0,0,0,0,0,1,0,1,1,1
"42",0,0,0,0,0,1,0,1,0,1,0,1,1,0,0,2,0,1,1,0,1,0,1,2,0,1,1,1,0,0,0,0,0,0,0,1,1,0,2,1,0,1,0,1,0,0,0,1,0,0,1,1,0,0,1,3,1,0,1,2,0,0,2,0,0,0,1,0,1,0,0,1,1,0,2,0,0,1,0,1,0,0,0,0,0,1,0,0,0,1,1,2,2,0,0,1,0,0,1,0
"43",1,0,0,2,1,2,0,0,0,0,1,0,0,2,1,0,1,0,0,0,0,0,0,1,0,0,0,1,2,1,0,1,0,0,1,0,0,0,0,0,0,1,0,0,1,2,0,0,2,1,0,0,0,1,1,0,0,2,0,1,0,0,1,1,3,0,0,1,1,1,1,1,0,1,0,0,1,2,0,1,0,0,2,1,0,0,0,0,1,0,1,1,0,1,2,0,2,0,0,0
"44",0,0,1,0,1,0,0,0,0,0,1,0,1,0,2,0,0,0,0,2,0,0,1,0,1,0,2,1,0,1,1,0,0,0,1,0,1,1,1,1,1,0,0,0,1,0,1,0,1,0,0,0,0,1,0,0,1,0,1,0,0,2,0,0,0,0,0,0,0,1,0,0,0,1,0,1,1,0,0,0,2,1,0,0,2,1,1,2,1,0,0,0,0,1,1,0,1,0,0,2
"45",0,0,0,0,0,0,1,0,1,1,0,0,0,1,0,0,1,0,0,0,0,1,0,0,0,0,0,0,0,0,0,0,1,1,0,1,0,0,0,0,0,0,1,1,0,0,0,0,0,0,0,1,0,0,0,0,0,0,0,0,1,0,0,1,0,0,0,0,0,0,1,0,1,0,1,0,0,0,0,0,0,0,0,0,0,0,0,0,0,0,0,0,1,0,0,0,0,0,0,0
"46",1,0,0,0,0,0,0,1,0,0,0,0,0,0,0,1,0,0,0,0,0,0,0,0,0,1,0,0,0,0,0,1,0,0,0,0,0,0,0,0,0,0,0,0,0,0,0,0,0,1,0,0,1,0,0,0,0,0,0,0,0,0,0,0,0,0,0,0,0,0,0,0,0,0,0,0,0,0,0,0,0,0,0,0,0,0,0,0,0,0,0,0,0,0,0,0,0,1,0,0
"47",582,590,590,614,605,601,606,610,594,594,597,612,588,591,593,595,586,588,598,600,583,600,573,595,602,599,593,613,594,585,615,597,588,600,590,585,605,602,606,588,575,594,586,583,591,596,576,600,584,591,581,600,595,588,578,598,588,600,596,588,588,596,586,589,597,587,584,582,604,591,585,595,606,587,598,587,595,587,594,596,579,597,599,594,604,613,590,588,599,575,599,580,586,599,607,599,571,602,601,576
"48",93,83,94,66,84,77,79,82,86,73,77,78,91,82,92,89,90,85,79,83,88,72,88,87,89,80,75,76,80,81,79,91,83,82,86,92,86,83,80,91,90,85,93,88,88,81,87,79,89,79,94,77,81,79,85,76,85,77,78,79,87,83,93,83,83,85,84,95,78,86,87,82,74,78,83,85,88,86,81,87,90,87,82,81,83,74,89,88,87,90,90,85,82,91,79,85,83,81,76,91
"49",24,16,21,28,21,22,21,21,21,25,22,28,13,24,23,16,18,21,25,23,25,27,22,20,21,25,21,17,21,33,23,17,23,18,22,20,20,20,21,22,22,24,21,16,21,25,24,25,19,23,26,23,20,22,25,28,22,21,21,24,19,18,19,25,18,21,16,25,16,23,20,20,24,24,22,22,16,20,14,18,17,15,18,19,19,23,23,20,19,20,28,28,23,15,26,21,25,25,27,22
"50",10,16,8,7,11,10,13,8,12,9,12,7,14,15,8,13,13,12,14,13,10,14,14,9,13,13,16,11,12,6,13,12,11,10,9,7,8,12,12,8,9,15,14,13,17,10,11,11,13,12,8,11,14,14,9,10,11,15,14,10,15,14,16,9,13,12,17,11,15,11,16,12,12,12,13,14,15,12,15,15,16,18,9,15,13,11,13,14,8,11,10,9,15,13,11,17,13,9,10,11
"51",3,4,7,7,8,7,9,8,8,10,6,4,9,8,4,7,8,8,5,5,5,5,6,9,5,3,4,6,4,6,3,8,9,7,8,8,6,7,9,9,9,6,7,8,6,6,6,3,8,7,8,7,4,8,7,8,7,3,7,7,5,3,4,6,5,4,4,8,4,6,5,8,10,7,3,5,5,9,6,6,6,3,8,8,8,7,4,6,7,9,6,5,4,6,6,7,8,8,6,6
"52",5,3,4,7,3,6,2,3,1,4,3,6,4,1,2,2,3,3,2,4,5,2,5,4,4,5,6,5,4,5,7,4,3,4,4,4,5,4,3,3,5,3,3,5,2,6,6,5,5,3,2,1,4,5,5,2,4,4,5,4,1,6,4,2,4,8,5,2,7,1,6,5,2,5,4,4,5,2,3,5,3,3,4,3,3,5,3,2,7,3,1,4,2,2,5,2,6,6,4,1
"53",4,4,3,2,4,4,1,3,3,4,0,1,5,4,7,5,4,3,5,1,6,7,5,3,4,5,3,1,4,2,2,3,0,1,1,3,3,3,1,5,3,4,5,0,4,3,2,2,3,4,3,2,4,2,4,6,5,4,4,3,5,4,4,7,4,2,5,1,0,5,3,2,3,1,5,1,4,2,5,5,3,6,5,3,3,2,3,4,4,6,4,1,5,5,2,3,2,4,2,6
"54",3,4,2,3,3,2,3,3,5,4,3,4,2,1,2,2,2,3,2,4,2,2,1,2,1,2,2,4,2,5,0,0,3,5,3,4,1,0,6,0,2,0,2,6,2,3,2,3,1,3,1,5,1,1,4,2,1,2,2,4,3,3,3,3,3,3,2,2,4,2,1,3,2,2,1,5,5,5,4,1,2,1,3,2,3,2,2,3,2,1,2,3,2,2,2,1,2,1,4,2
"55",0,1,4,0,0,1,2,1,0,0,4,1,0,2,1,3,1,1,1,1,1,0,1,1,2,1,2,2,3,0,3,2,2,3,5,1,1,3,0,2,1,1,0,0,0,1,2,2,3,1,4,1,2,1,0,1,2,2,0,2,0,2,0,1,1,1,0,2,2,2,2,1,1,3,2,0,0,0,1,1,3,1,2,0,0,1,2,0,1,2,2,2,2,4,1,1,0,1,3,2
"56",1,1,0,2,1,1,1,2,2,1,1,1,2,2,0,1,0,1,1,3,1,1,1,1,2,0,2,1,2,1,0,0,2,0,0,2,0,1,0,1,1,2,0,0,2,0,1,0,1,1,1,2,0,0,2,1,1,1,0,0,2,1,1,0,0,1,1,1,1,1,1,2,0,0,1,2,0,1,1,2,0,1,0,2,1,1,1,2,1,2,1,2,0,0,1,0,1,2,0,0
"57",0,0,0,0,1,0,1,0,1,1,2,1,1,2,2,0,2,1,1,0,1,0,2,1,0,1,1,1,0,2,1,1,2,1,0,0,2,0,1,0,1,1,1,2,1,2,1,2,1,1,1,2,2,1,1,1,2,1,2,2,1,1,0,1,2,1,1,1,0,2,1,1,3,1,1,1,0,0,1,0,2,1,2,1,0,2,1,2,0,0,1,0,3,0,1,2,2,0,0,0
"58",2,2,1,3,0,2,1,1,0,1,1,0,0,0,0,1,1,0,0,0,0,2,0,1,0,1,0,0,1,0,0,2,0,1,0,1,1,2,1,1,0,0,1,1,0,0,0,0,0,0,0,0,2,2,0,0,0,1,1,0,1,0,0,0,1,1,1,0,1,0,0,0,0,2,0,2,1,1,1,0,1,1,0,1,1,0,1,0,0,0,0,2,0,1,0,1,0,0,1,2
"59",0,0,0,0,0,0,0,0,0,0,0,1,0,0,1,0,1,1,1,0,0,0,0,0,0,0,0,0,0,0,0,0,0,0,1,0,1,1,1,0,1,0,0,0,0,0,1,1,0,0,0,0,0,1,0,0,1,0,0,0,0,0,1,0,0,0,1,1,1,0,0,0,0,0,1,0,0,1,0,0,0,0,0,0,1,0,0,0,1,0,0,0,0,0,1,0,1,0,0,1
"60",0,0,0,0,0,0,0,0,0,0,1,0,0,0,0,1,0,1,1,0,0,0,0,0,0,0,0,1,0,0,1,0,0,0,0,1,0,0,0,1,0,0,1,0,0,0,0,0,1,1,0,0,0,0,0,0,0,0,0,0,0,0,0,1,0,1,0,1,0,0,0,0,0,0,0,0,0,0,0,0,0,0,0,0,0,0,0,1,0,0,1,0,0,1,0,0,1,1,0,0
"61",0,0,1,0,0,0,0,0,0,1,0,1,0,0,2,0,0,0,0,0,0,1,0,0,1,1,0,0,0,0,0,0,1,0,0,0,0,0,0,1,0,0,0,0,1,1,1,0,0,1,1,0,0,1,0,0,0,0,0,0,0,0,0,0,0,0,1,0,0,0,0,0,0,0,0,0,1,0,0,0,2,0,0,0,1,0,0,0,1,0,0,0,0,0,1,1,0,0,0,1
"62",1,0,1,0,0,2,1,0,1,0,0,0,1,0,0,1,1,0,0,0,1,0,0,0,0,0,0,0,0,2,1,1,0,1,0,0,0,0,0,1,0,0,0,0,0,0,0,0,0,0,1,0,2,1,0,0,0,0,1,0,0,0,0,0,0,0,0,0,0,1,1,1,0,1,1,1,0,1,2,1,0,0,1,0,1,0,0,0,0,0,1,0,0,0,1,1,0,0,1,0
"63",0,0,0,1,0,0,1,1,1,1,0,1,0,0,0,0,0,0,1,1,1,0,1,1,1,0,0,1,0,0,1,1,0,0,2,0,1,0,0,0,1,1,0,1,0,0,0,1,1,0,0,1,0,0,1,1,0,0,0,1,1,1,0,2,1,0,0,0,1,0,0,0,1,0,0,0,0,0,0,0,0,1,1,0,0,0,1,0,0,0,1,1,0,1,0,0,0,0,0,1
"64",0,0,0,0,1,1,1,1,0,0,1,0,1,0,0,0,0,1,0,0,0,1,1,1,0,0,1,0,1,0,0,0,0,1,1,1,1,1,1,1,0,0,1,0,0,0,0,0,0,1,0,1,0,0,1,0,2,1,0,0,0,1,2,0,0,1,0,1,1,0,0,1,1,0,1,0,1,0,0,1,0,1,0,1,0,1,1,0,0,1,0,0,1,0,1,0,0,0,1,0
"65",1,2,0,0,1,0,0,0,0,1,0,1,1,1,0,1,0,0,0,2,1,1,1,0,1,1,1,1,1,0,1,0,0,0,0,0,0,0,0,0,1,1,1,1,1,1,0,1,0,0,0,0,0,0,1,2,0,1,1,0,1,0,0,0,1,0,1,1,1,0,1,0,1,1,1,0,0,1,0,1,1,0,0,0,0,0,1,1,1,0,0,0,2,1,0,1,1,1,0,0
"66",0,0,0,0,0,0,0,0,0,0,1,0,0,0,1,0,0,0,1,0,0,0,0,0,0,0,1,0,1,0,0,1,2,0,0,0,1,0,1,0,0,0,0,0,1,1,2,1,1,0,0,0,1,0,0,0,0,0,1,0,0,1,0,1,1,0,1,0,0,2,0,1,0,0,0,0,0,0,0,0,0,0,1,2,0,1,0,1,1,1,0,2,0,0,0,0,0,1,0,1
"67",0,0,1,0,1,0,0,1,1,0,0,0,0,1,0,0,0,0,0,0,0,0,0,1,0,1,0,1,0,1,0,0,0,1,0,0,0,1,0,0,1,1,0,0,0,0,0,0,0,1,1,1,0,1,0,0,0,1,0,2,1,0,1,0,0,1,0,0,0,0,0,0,0,1,0,0,0,1,0,0,0,1,0,0,1,1,0,0,0,1,0,0,0,0,0,0,1,0,0,0
"68",0,1,0,0,0,0,0,0,0,0,0,0,0,0,0,0,0,1,0,0,0,0,0,0,0,0,0,0,0,0,0,0,0,0,0,1,0,0,0,0,0,0,0,1,0,0,0,0,0,0,0,0,0,0,0,0,0,0,0,0,0,0,0,0,0,0,0,0,0,0,1,0,0,0,0,0,1,0,1,0,0,0,0,0,0,0,0,0,0,0,0,0,0,0,0,0,0,0,1,0
"69",1,0,0,1,0,0,0,0,0,0,0,0,0,0,0,0,1,0,0,0,0,0,0,0,0,0,0,0,0,0,0,0,0,0,0,0,0,0,0,0,0,0,0,0,0,0,0,0,0,0,0,0,0,0,0,0,0,0,0,0,0,0,0,0,0,0,0,0,0,0,0,0,0,0,0,1,0,0,0,0,0,0,0,0,0,0,0,0,0,0,0,0,0,0,0,0,0,0,0,0
"70",576,573,578,565,564,570,550,563,567,587,568,584,570,575,567,563,550,579,591,557,585,564,566,556,558,586,568,572,561,561,574,572,571,585,570,556,554,590,558,566,577,557,565,574,589,564,576,584,570,568,566,576,559,574,561,562,559,579,571,560,571,571,566,552,562,567,570,580,562,581,573,580,555,577,573,569,560,556,598,581,577,582,583,556,582,567,572,574,559,561,596,570,565,538,562,566,564,577,566,563
"71",70,87,80,81,83,76,81,88,73,67,77,77,74,82,74,83,78,80,72,76,73,75,72,79,80,78,81,91,76,81,72,86,73,72,77,81,81,75,84,80,73,87,70,79,67,70,69,81,80,73,83,77,87,76,80,79,85,82,75,84,73,79,78,88,83,83,83,73,95,78,81,70,78,71,73,79,76,87,68,76,77,74,71,90,67,81,79,81,82,84,75,80,78,86,74,75,79,66,82,77
"72",18,19,15,18,23,22,21,19,19,21,18,27,21,14,24,17,32,20,22,20,22,27,25,23,27,16,16,22,20,24,18,19,22,24,20,22,19,22,17,24,17,20,19,18,26,22,18,18,20,24,19,16,14,23,23,21,14,20,19,24,21,23,23,19,20,26,21,16,16,23,18,26,26,22,23,23,22,21,19,21,21,16,20,18,20,21,22,18,22,20,19,24,23,21,22,22,22,24,22,23
"73",14,8,19,10,10,15,14,15,10,10,15,10,11,13,12,11,11,11,7,12,13,8,11,12,12,8,11,13,14,10,16,8,11,9,8,12,14,7,14,11,13,14,11,11,13,9,14,8,10,13,8,19,14,9,10,10,10,13,13,6,7,8,14,10,13,7,9,13,11,11,12,6,7,13,9,7,9,13,11,10,11,10,12,9,9,13,12,10,8,11,11,8,10,11,15,12,14,11,10,12
"74",10,6,4,7,6,6,2,2,9,4,6,4,13,7,1,6,4,7,7,8,7,6,6,4,5,10,6,4,3,7,5,4,4,3,7,6,7,6,10,5,5,4,8,8,4,8,7,4,6,4,8,3,7,6,6,5,8,5,4,6,8,10,1,9,7,3,4,8,6,6,6,7,8,6,7,8,4,4,5,6,7,5,4,9,10,7,5,6,5,4,3,6,3,4,4,9,7,7,4,3
"75",2,3,0,5,4,1,6,2,1,4,3,2,2,3,8,5,4,6,3,1,3,3,4,8,5,2,3,5,5,6,3,6,6,8,2,4,3,6,4,1,4,5,3,2,6,2,6,9,4,3,5,4,3,2,4,4,6,2,8,4,6,4,6,3,4,9,5,3,4,1,1,1,6,4,6,3,5,2,6,2,2,3,5,5,4,3,5,4,9,5,4,5,3,3,3,1,4,2,1,2
"76",3,3,3,3,5,1,5,7,2,4,1,2,5,6,2,0,2,0,3,6,2,4,4,0,3,3,3,1,3,2,4,1,4,3,7,5,4,1,3,5,3,3,3,1,3,3,0,2,3,7,1,2,5,2,4,5,2,4,1,2,5,1,1,2,1,3,3,3,2,4,6,3,3,2,2,4,7,5,2,3,2,2,6,1,4,0,3,4,1,4,5,2,4,4,1,2,4,4,5,8
"77",3,3,1,2,0,2,2,1,5,3,3,4,0,0,2,3,4,4,2,2,1,0,1,2,1,1,3,3,1,1,1,1,1,2,1,0,1,2,1,4,1,2,2,4,2,4,2,1,1,1,4,4,2,3,0,5,1,0,3,2,0,2,2,1,4,1,0,2,2,2,1,4,1,0,1,1,0,1,2,3,3,3,0,1,3,0,3,2,0,2,1,2,4,2,3,2,2,3,2,0
"78",0,1,1,1,0,3,0,1,2,1,2,1,0,2,2,1,0,1,2,1,1,2,2,2,0,3,2,2,2,1,1,1,0,1,0,0,3,1,1,0,1,0,2,2,0,2,0,1,1,0,0,1,0,3,1,0,1,1,1,2,1,2,2,4,0,1,3,1,3,1,1,1,1,3,2,0,1,0,2,0,1,1,2,1,1,4,0,1,2,0,2,1,0,2,2,2,1,0,2,1
"79",0,0,1,1,3,1,0,0,1,1,1,0,0,1,1,1,1,0,1,1,1,0,2,1,0,1,1,0,1,0,1,2,0,1,2,0,0,0,1,1,2,0,0,1,1,1,2,0,2,1,0,0,1,0,1,0,2,2,0,3,3,0,0,0,1,0,2,2,0,0,0,2,0,0,1,0,2,2,0,1,0,0,0,1,1,0,1,0,0,3,0,0,1,2,2,1,0,2,0,3
"80",2,2,2,1,0,1,0,1,1,0,1,1,2,0,0,1,0,0,1,0,0,2,0,0,0,1,0,0,1,2,1,1,2,0,0,3,1,2,0,0,0,1,1,0,0,0,1,1,0,0,2,0,0,2,1,1,1,0,1,0,0,0,1,1,0,0,0,1,0,0,1,1,2,1,1,2,1,1,0,1,1,3,0,2,0,1,0,1,1,0,1,2,1,0,1,1,0,0,2,0
"81",0,0,0,0,0,0,2,1,0,1,0,0,0,0,1,0,1,0,0,0,0,0,0,1,2,0,0,0,2,1,1,1,1,0,1,0,1,0,0,1,2,1,2,1,0,1,1,2,0,2,0,2,0,1,1,0,0,1,0,0,0,1,1,0,1,1,0,1,0,0,1,0,0,1,0,1,0,0,1,1,1,1,1,0,0,1,0,1,1,0,0,0,0,1,0,0,0,1,0,0
"82",1,1,0,0,1,0,0,0,0,0,0,0,0,1,0,0,1,1,1,1,1,1,1,0,0,0,0,0,0,0,0,0,0,0,0,0,0,0,0,2,0,1,0,1,0,0,0,0,0,0,0,0,1,0,0,0,0,1,0,0,1,0,0,0,0,0,0,0,0,0,0,0,0,0,0,0,0,0,0,0,0,0,0,0,0,0,0,1,0,0,1,0,1,0,0,0,0,0,0,0
"83",0,0,0,0,0,0,0,0,0,0,0,1,0,0,0,1,0,0,0,0,0,1,1,0,0,2,2,0,0,0,1,0,0,0,0,0,0,1,0,0,0,0,0,0,0,0,1,0,2,0,0,0,1,0,0,0,0,0,0,0,0,0,0,1,2,1,0,0,1,1,0,1,0,1,1,0,0,0,0,0,0,0,0,1,0,0,0,1,0,0,0,0,0,0,0,0,1,1,0,0
"84",0,1,0,0,1,0,0,0,1,0,0,1,2,1,2,0,0,0,0,0,0,0,0,1,0,0,0,0,0,0,0,1,1,2,0,1,0,0,0,0,1,0,0,1,1,0,0,1,0,0,0,1,1,0,0,1,0,1,0,0,0,2,0,0,0,0,0,1,0,1,0,1,0,0,1,0,0,0,2,1,0,0,0,1,1,0,0,0,0,2,0,2,1,0,1,0,0,0,1,0
"85",0,0,0,0,0,1,0,0,1,0,1,0,0,0,0,0,1,0,1,0,2,0,0,0,1,0,1,0,0,0,1,1,0,0,0,1,0,0,1,0,1,0,1,0,1,0,0,0,1,0,0,0,0,1,0,1,0,0,0,2,1,0,2,0,0,1,1,0,0,0,2,0,0,1,0,1,0,1,0,0,1,1,2,0,1,1,1,0,0,0,0,0,0,0,0,0,0,0,0,1
"86",0,0,0,1,0,1,1,0,0,1,1,0,1,0,0,2,0,1,0,2,0,1,0,1,1,1,0,1,0,1,0,0,0,0,1,0,0,0,1,0,0,1,1,1,0,1,0,0,0,0,1,0,0,0,2,1,1,1,1,0,0,0,0,1,0,0,1,0,1,1,0,0,1,0,0,1,1,0,0,1,1,1,0,0,0,2,0,0,1,0,1,0,2,0,0,1,1,1,0,2
"87",0,1,0,2,0,1,1,1,0,1,0,0,0,0,1,0,0,0,0,0,1,0,0,0,1,0,0,1,0,1,0,0,0,0,1,0,0,0,1,1,1,0,0,0,0,0,0,0,0,0,1,0,0,1,1,0,0,0,0,1,0,0,0,1,1,1,0,1,0,0,0,0,2,0,0,0,2,0,0,1,1,0,0,0,1,0,2,0,0,0,1,0,0,1,1,1,0,0,0,0
"88",2,0,3,0,0,0,1,0,0,0,1,0,0,0,0,0,1,0,1,1,0,1,0,1,0,0,1,0,1,0,1,1,2,0,1,0,2,2,0,0,0,1,1,0,1,2,2,1,0,1,1,1,1,0,0,0,1,0,1,0,1,1,0,0,0,0,0,0,0,0,1,0,0,0,0,0,0,1,0,0,0,0,1,0,0,0,0,1,1,1,0,0,0,1,1,0,1,1,2,0
"89",0,0,0,0,1,0,0,0,0,1,0,1,0,0,0,1,0,0,0,0,0,0,0,0,0,0,0,0,0,0,0,0,0,1,0,0,0,0,0,0,0,0,0,0,0,0,0,0,1,1,0,0,0,0,0,0,0,0,0,0,0,0,0,0,0,0,1,0,1,0,0,0,0,0,0,0,0,1,1,0,0,1,0,1,0,0,0,0,0,0,0,0,0,1,0,0,0,0,0,0
"90",0,0,0,0,0,0,0,1,1,0,0,0,0,0,0,0,0,1,0,0,0,0,0,0,0,0,0,0,1,0,0,0,0,0,0,1,0,0,0,0,0,0,0,0,0,0,0,0,0,0,0,0,0,0,0,0,1,0,1,0,0,0,0,0,0,0,0,0,0,1,0,1,0,1,1,1,0,0,0,0,0,0,0,0,0,0,0,0,0,0,0,1,0,0,0,1,0,0,0,0
"91",0,0,0,0,0,0,0,0,0,0,0,0,0,1,0,0,0,0,0,0,0,0,1,0,0,0,0,0,0,0,0,0,0,0,0,0,0,0,0,0,0,0,0,0,0,0,0,0,0,0,0,0,0,0,0,0,0,0,0,0,0,0,1,0,0,0,0,0,0,0,0,0,0,0,0,0,0,0,0,0,0,0,0,0,0,0,0,0,1,0,0,0,0,0,0,0,0,0,0,0
"92",0,0,0,0,0,0,0,0,0,0,0,0,0,0,0,0,0,0,0,0,0,0,0,0,0,0,0,0,0,0,0,0,0,0,0,0,0,0,0,0,0,0,0,0,0,0,0,0,0,0,0,0,0,0,0,0,0,0,0,0,0,0,0,0,0,0,0,0,0,0,0,0,0,0,0,0,0,0,0,0,0,0,0,0,0,0,0,0,0,0,0,0,0,0,0,0,0,0,0,0
"93",553,566,544,548,544,548,527,553,540,553,569,540,538,564,547,550,559,539,547,531,541,545,549,558,557,551,542,532,540,562,567,549,545,539,535,529,545,563,532,548,556,557,541,531,541,556,551,550,560,532,547,553,544,549,539,555,532,545,547,542,544,540,552,555,551,538,535,539,539,552,539,555,518,535,544,557,555,545,549,540,534,547,546,538,539,534,537,546,533,538,556,555,530,548,561,551,531,566,531,549
"94",73,57,66,85,82,77,73,71,76,73,68,75,72,71,70,63,74,83,80,72,71,76,75,75,68,72,61,69,71,61,64,62,73,80,71,69,74,63,78,79,58,69,73,70,68,66,73,67,74,79,69,75,68,68,68,82,80,80,71,71,71,74,80,71,76,77,74,72,72,73,75,71,70,71,69,64,71,75,80,80,76,75,67,75,74,83,67,69,71,71,70,74,72,74,64,57,70,71,68,77
"95",18,24,20,16,19,19,20,20,22,19,14,19,18,22,16,25,19,17,15,27,17,18,15,16,16,21,30,25,18,19,14,21,20,16,19,23,15,18,20,11,19,19,18,18,20,19,17,20,12,17,22,24,17,23,22,19,18,15,23,20,17,25,18,18,20,23,22,25,21,17,21,20,24,27,19,17,24,17,15,19,23,16,24,19,23,18,16,20,18,17,25,20,18,20,20,26,20,21,25,23
"96",11,9,6,12,3,12,8,11,12,9,7,11,13,11,10,9,12,8,11,8,11,11,10,9,8,10,10,8,9,14,14,11,9,11,9,7,9,13,6,12,13,7,6,18,10,13,11,13,12,9,13,5,12,12,10,8,8,8,9,11,10,10,11,8,13,8,3,10,8,9,7,8,10,7,10,15,11,6,6,11,5,11,9,13,12,11,16,11,13,14,8,10,8,10,15,8,10,5,12,9
"97",7,6,7,6,7,4,7,6,5,5,8,2,6,4,9,3,4,4,9,10,4,5,6,4,5,5,8,6,6,3,2,9,3,3,5,8,9,6,6,6,6,9,6,6,7,7,3,7,5,7,4,5,4,5,6,3,5,10,4,10,6,2,7,6,4,4,6,5,7,7,7,7,8,6,5,6,2,7,7,5,7,4,8,5,5,3,7,4,9,1,5,7,10,7,2,5,4,8,1,4
"98",3,3,6,3,5,6,3,4,0,3,7,4,4,2,4,8,3,3,4,1,4,4,2,3,6,3,3,4,6,4,5,4,4,6,4,3,2,1,5,3,4,3,4,0,3,2,5,1,3,1,3,2,7,1,4,4,3,3,5,0,6,6,3,3,3,4,8,6,5,4,4,4,5,2,4,5,1,5,4,2,3,3,3,4,4,4,3,1,1,5,2,0,4,6,3,7,5,2,5,2
"99",3,3,1,3,3,3,4,3,4,5,2,0,3,3,2,2,2,8,2,2,3,2,2,4,3,5,2,1,3,1,3,1,2,4,4,3,3,3,3,1,3,2,3,3,4,1,1,0,1,3,1,2,2,4,5,4,5,1,3,3,2,2,3,2,3,3,2,2,2,2,3,3,3,4,4,3,0,2,4,4,2,4,2,1,2,2,2,5,6,3,4,2,1,0,3,3,4,3,5,2
"100",0,3,3,0,0,2,0,1,2,0,1,6,0,2,1,1,4,0,2,2,3,2,3,1,2,1,0,2,1,1,1,2,1,1,2,4,1,2,2,3,1,2,3,4,1,3,1,5,4,2,2,0,2,2,0,1,1,1,0,3,1,2,0,1,1,5,1,2,1,0,2,1,1,1,1,2,2,1,2,4,5,3,2,1,0,3,1,2,1,2,1,2,3,1,3,2,4,0,2,3
"101",1,1,1,0,3,0,2,0,0,2,0,1,2,0,1,2,0,0,1,1,3,0,2,3,3,2,1,1,0,4,1,0,2,0,0,0,2,1,1,1,0,1,1,0,1,0,1,1,0,4,2,3,1,0,0,1,1,2,2,3,0,1,1,1,1,0,1,0,0,4,1,0,2,2,2,1,3,1,1,0,2,0,0,1,0,1,1,2,0,3,0,1,1,1,1,1,0,2,1,0
"102",1,0,1,0,0,0,0,1,0,1,1,0,1,0,0,0,0,1,1,1,0,0,1,2,0,1,1,1,0,1,2,0,1,2,2,1,2,0,0,1,2,1,1,1,1,1,2,0,2,0,0,0,1,2,3,1,1,0,2,1,1,0,1,2,0,0,0,1,1,0,0,1,0,0,0,1,1,0,1,0,1,2,1,1,1,0,1,0,0,0,2,0,2,1,0,1,0,2,1,1
"103",1,1,0,2,0,0,1,1,1,1,0,1,0,1,2,1,0,1,1,2,0,2,0,0,0,0,0,1,1,0,0,2,2,1,1,0,0,2,1,0,1,0,0,0,1,1,0,2,0,1,1,1,0,0,1,0,1,0,0,0,0,2,1,1,2,0,0,0,2,0,0,1,2,0,0,0,0,1,0,0,0,0,1,1,1,1,0,1,0,1,0,2,0,0,2,0,0,1,0,1
"104",0,0,1,1,0,0,0,1,1,0,0,0,0,0,1,1,0,1,0,0,0,0,0,0,0,0,1,1,1,0,0,1,0,0,0,0,0,0,0,1,0,0,2,0,1,0,0,0,0,1,0,0,0,0,0,1,0,0,2,2,3,0,0,0,0,1,1,1,0,0,1,1,0,1,0,0,1,0,1,0,0,1,0,0,1,0,1,0,0,0,0,0,1,0,0,1,0,0,0,0
"105",1,1,0,1,0,2,1,1,0,0,0,0,0,1,0,0,0,0,0,1,0,0,0,0,0,0,0,0,0,0,0,0,1,0,0,2,1,0,0,1,0,0,0,0,0,1,2,0,0,0,0,1,0,1,0,0,0,1,0,0,0,0,0,0,0,0,2,0,1,0,0,0,0,1,1,0,0,1,0,0,0,0,0,0,1,0,2,0,1,0,0,0,0,0,0,0,1,1,0,0
"106",1,1,0,1,0,0,0,0,0,0,0,0,0,0,0,1,1,1,0,0,0,0,0,0,1,1,1,1,0,1,0,0,0,0,0,0,0,1,0,0,1,0,0,0,0,0,0,0,0,1,1,1,1,0,1,1,0,0,0,0,0,0,1,0,0,0,0,0,1,1,1,0,0,0,0,0,1,0,0,1,0,0,0,0,1,0,1,1,1,0,0,1,0,0,0,0,0,0,0,1
"107",0,0,1,0,0,0,0,0,2,0,1,1,0,0,0,0,0,1,0,0,0,1,0,1,1,0,1,1,0,0,0,0,0,0,0,0,1,1,0,0,0,2,0,0,0,0,0,0,1,0,0,0,0,0,0,0,1,1,0,0,0,0,0,0,1,0,0,1,0,0,0,0,0,0,0,0,0,0,1,1,0,1,1,0,0,1,1,0,0,2,1,1,0,1,1,0,0,0,1,1
"108",1,1,0,0,1,0,0,1,1,1,0,1,1,0,0,0,1,0,0,1,1,1,1,1,0,0,0,0,0,1,1,0,1,1,2,1,0,1,0,1,0,0,1,0,1,0,0,0,0,1,0,1,0,1,0,1,0,1,0,0,1,1,1,1,1,0,0,0,0,0,1,1,1,0,2,2,1,1,0,0,1,0,2,1,0,0,0,0,0,0,1,1,0,0,1,1,1,0,0,1
"109",0,0,1,0,1,0,1,0,0,0,0,0,1,1,1,1,0,0,0,0,2,1,1,0,1,0,0,0,1,1,0,0,1,0,0,1,0,0,0,0,1,0,0,1,0,1,1,1,1,0,1,1,0,0,0,0,1,1,1,0,1,0,0,1,0,2,1,0,0,1,1,0,0,1,1,0,0,1,1,1,0,0,0,1,1,2,0,1,1,1,1,0,0,1,0,0,2,0,2,0
"110",0,0,0,0,0,1,0,0,0,0,0,0,0,1,1,0,1,0,0,0,0,0,0,0,0,1,1,0,1,0,1,0,0,0,1,0,1,0,2,1,1,0,0,1,0,1,0,0,1,0,0,0,0,1,0,0,1,0,0,0,0,1,0,1,0,0,0,1,0,0,0,1,0,0,0,0,0,0,0,0,1,1,0,0,0,0,0,0,1,0,0,0,1,1,0,1,0,1,0,0
"111",0,0,1,0,0,0,1,0,0,1,1,0,0,0,0,0,0,0,1,0,0,0,1,0,0,0,0,1,1,0,1,2,0,1,0,0,0,0,1,0,0,0,0,1,0,0,0,1,0,0,0,0,0,0,1,0,0,0,0,0,0,0,0,0,0,0,1,0,0,1,0,0,1,0,0,0,0,0,0,0,0,0,0,0,0,0,0,1,0,0,0,0,0,0,0,0,0,0,0,0
"112",0,0,0,0,0,0,1,0,0,0,0,1,1,0,0,0,0,0,0,0,0,0,0,0,0,0,0,0,0,0,0,0,0,0,0,0,0,0,0,0,0,0,0,0,1,0,1,0,0,0,1,0,2,0,0,0,0,0,0,0,0,0,0,0,0,0,0,0,1,0,0,0,0,1,0,0,1,0,0,0,0,0,0,1,0,0,0,0,0,0,0,0,1,0,0,0,0,0,0,0
"113",0,0,0,0,1,0,0,0,0,0,1,0,0,0,0,0,0,0,0,0,0,0,0,0,0,0,0,0,0,0,0,0,0,0,0,0,0,0,0,0,0,0,1,0,0,0,0,0,0,0,0,0,0,0,0,0,0,0,0,0,0,0,0,0,0,0,0,0,0,0,0,0,0,0,0,0,0,1,0,0,0,0,0,0,0,0,0,0,0,0,0,0,0,0,0,0,0,0,0,0
"114",0,0,0,0,0,0,0,0,0,0,0,0,0,0,0,0,0,0,0,0,0,0,0,0,0,0,0,0,0,0,0,0,0,0,0,0,0,0,0,0,0,1,0,0,0,0,0,0,0,0,0,0,0,0,0,0,0,0,0,0,0,0,0,0,0,0,0,0,0,0,0,0,0,0,0,0,0,0,0,0,0,0,0,0,0,0,0,0,0,0,0,0,0,0,0,0,0,0,0,0
"115",0,0,0,0,0,0,0,0,0,0,0,0,0,0,0,0,0,0,0,0,0,0,0,0,0,0,0,0,0,0,0,0,0,0,0,0,0,0,0,0,0,0,0,0,0,0,0,0,0,0,0,0,0,0,0,0,0,0,0,0,0,0,0,0,0,0,0,0,0,0,0,0,0,0,0,0,0,0,0,0,0,0,0,0,0,0,0,0,0,0,0,0,0,0,0,0,0,0,0,0
"116",507,519,506,506,521,520,533,531,511,524,518,538,524,540,512,529,527,541,506,515,533,520,510,515,510,507,521,503,515,515,509,509,512,537,520,517,509,521,509,528,517,526,510,513,519,512,536,513,526,519,513,526,505,524,518,539,546,520,521,518,511,529,522,530,529,527,519,529,511,511,510,516,520,515,544,508,525,505,535,534,511,541,534,526,503,541,520,526,511,535,516,527,487,526,528,515,520,523,507,517
"117",59,74,73,79,64,63,73,61,64,77,69,56,65,59,68,74,67,62,78,63,64,68,63,63,60,74,56,70,64,66,71,74,67,68,73,64,61,73,69,72,68,76,69,75,63,69,76,68,61,77,66,58,75,59,76,55,66,69,73,76,70,65,64,58,70,71,64,65,70,68,80,68,60,66,66,75,69,66,56,68,75,61,73,72,73,57,60,57,67,59,77,65,80,60,67,77,61,68,61,65
"118",22,18,17,12,15,21,17,14,22,18,17,15,21,15,22,19,17,17,15,21,21,19,21,15,22,17,18,21,23,20,17,19,18,18,9,19,26,22,18,11,19,13,24,14,19,20,15,14,15,16,20,14,20,18,16,18,15,15,8,15,20,19,18,24,16,19,18,19,16,24,17,16,21,20,15,20,14,12,15,9,14,20,16,20,17,18,21,16,20,19,21,17,14,25,17,19,18,20,22,23
"119",13,11,12,10,11,9,4,7,9,9,12,11,10,8,9,8,14,9,11,9,9,10,8,9,9,13,11,7,6,12,7,9,9,4,13,12,8,4,10,13,9,6,11,11,8,9,8,5,11,9,8,11,6,17,11,5,8,12,12,10,6,10,11,5,7,6,10,11,10,6,12,10,11,5,9,8,9,12,12,14,9,7,5,6,11,9,12,9,7,9,7,9,12,4,8,9,10,7,11,6
"120",7,3,6,7,5,5,5,11,10,4,4,5,3,5,7,4,2,3,5,7,4,3,3,3,5,4,7,5,4,6,5,3,4,2,3,7,7,2,1,4,2,8,5,5,6,4,5,8,4,2,2,9,10,1,7,11,3,6,7,4,9,1,4,6,7,5,5,3,3,8,0,6,3,12,6,6,7,3,9,8,5,2,9,9,8,4,4,4,7,5,3,4,6,5,3,3,3,5,5,4
"121",2,4,3,5,7,3,2,1,3,2,1,4,7,5,2,2,4,4,5,2,3,5,7,6,1,2,4,7,2,2,7,5,6,7,2,1,1,8,4,3,3,4,2,2,5,5,3,4,4,5,5,3,1,5,3,5,3,3,2,6,2,7,5,1,7,2,7,6,4,2,1,4,4,3,0,2,6,4,3,2,5,7,1,4,2,5,5,4,3,4,3,3,4,3,5,4,6,6,1,6
"122",3,3,1,1,3,2,2,0,1,3,3,3,1,2,2,3,0,1,1,2,1,0,2,3,6,2,2,1,4,1,2,3,1,3,2,2,4,3,6,2,4,2,2,3,1,1,3,1,4,5,2,2,2,3,2,0,3,4,2,1,2,2,3,3,0,1,2,1,2,1,5,3,5,3,5,0,3,3,0,2,2,3,3,0,1,3,3,2,3,2,2,2,3,3,2,0,1,2,5,1
"123",1,0,1,2,0,1,3,1,1,1,3,1,0,1,1,2,2,0,1,4,3,3,0,1,2,1,2,1,3,2,1,1,1,1,3,1,1,0,0,2,3,2,2,1,2,3,0,2,0,0,2,2,1,2,2,2,1,0,3,0,2,0,0,3,1,3,0,0,2,1,1,0,0,0,0,3,0,2,1,0,1,1,1,0,1,2,2,2,1,1,2,4,0,3,2,4,4,2,2,1
"124",1,0,0,1,1,2,1,1,1,0,0,1,2,1,1,0,1,0,0,0,0,2,1,0,0,1,1,0,3,0,0,1,0,0,3,2,0,0,1,0,0,0,0,1,0,0,0,2,2,1,2,0,0,1,0,1,0,0,1,2,1,1,1,1,0,0,1,0,0,1,0,1,1,0,0,1,0,2,1,1,2,0,1,2,0,0,0,0,1,0,1,1,2,1,1,0,0,0,0,1
"125",0,0,0,0,0,0,1,2,0,1,1,0,1,1,1,0,0,2,0,0,1,1,1,1,1,0,1,1,0,0,0,1,2,1,0,0,0,3,0,0,1,0,0,0,1,2,1,1,1,0,1,0,2,1,1,0,0,1,0,0,0,0,1,2,1,2,0,1,0,0,1,0,0,0,3,0,2,2,0,0,2,0,2,1,1,0,0,0,1,2,2,1,0,0,0,0,0,0,1,2
"126",1,0,2,0,0,2,1,1,0,1,0,1,0,0,1,0,2,0,1,1,0,0,1,1,0,1,1,0,0,0,1,1,1,1,1,0,1,1,1,1,0,0,0,1,1,0,0,1,0,1,0,0,1,0,1,0,2,1,0,0,0,1,0,0,1,1,0,0,2,2,2,1,0,1,0,2,0,0,0,2,0,0,1,0,1,1,0,1,1,0,0,2,0,0,0,0,0,0,0,1
"127",1,1,1,1,0,0,0,0,0,0,0,0,0,0,0,0,0,0,0,2,0,0,0,1,0,0,0,0,0,1,0,1,1,0,0,0,0,1,0,1,1,0,0,0,1,0,1,0,0,0,1,0,0,1,0,0,1,0,0,0,1,1,1,0,0,0,0,1,0,1,0,0,0,0,0,0,0,0,1,0,1,0,0,0,0,2,0,2,0,0,1,1,0,1,2,0,1,0,0,0
"128",1,1,0,0,1,0,0,0,1,0,1,1,0,0,0,0,0,0,0,1,1,0,0,0,0,0,0,2,0,0,0,0,0,0,0,0,0,0,0,0,0,0,0,1,0,0,1,1,1,0,0,1,0,0,0,0,1,0,1,0,0,0,1,0,0,0,0,2,0,0,1,0,0,0,0,0,1,0,0,0,0,0,1,0,0,0,1,0,0,0,0,0,1,0,1,0,1,0,0,0
"129",0,0,0,1,0,1,1,0,0,0,0,0,1,0,0,1,1,1,1,0,1,0,0,0,0,0,1,1,0,0,0,0,0,0,1,1,0,0,0,0,0,1,0,0,1,0,0,0,0,1,0,1,1,1,0,1,0,0,0,2,0,0,0,0,1,1,0,0,1,2,0,0,0,2,1,0,0,0,0,1,0,0,0,1,0,1,1,1,0,1,0,0,0,0,0,0,1,2,0,0
"130",0,1,0,0,1,0,0,1,0,1,1,1,0,1,0,0,0,1,1,0,1,1,2,2,0,0,0,1,0,1,0,1,1,0,0,1,0,0,1,1,0,1,1,0,0,0,0,1,1,1,0,0,0,0,1,1,0,0,0,0,0,1,0,0,0,0,1,1,0,0,0,2,0,0,1,0,1,2,1,0,1,1,0,0,1,0,0,1,0,2,0,0,0,0,1,2,0,1,1,2
"131",0,1,1,0,0,0,1,0,1,1,0,1,0,1,2,2,0,1,0,0,0,1,0,1,2,2,0,0,1,1,0,0,1,0,0,0,1,0,1,0,1,0,0,1,0,1,0,1,1,0,1,1,0,0,0,0,0,1,1,0,0,0,0,1,1,0,0,0,0,0,0,1,1,1,0,1,0,1,1,0,0,1,0,1,1,0,1,0,0,0,1,0,0,0,0,0,1,0,1,0
"132",1,0,1,0,0,1,0,2,0,0,1,0,0,0,0,0,0,0,0,0,0,0,0,0,0,1,1,0,0,0,3,0,0,1,0,0,1,0,0,0,1,1,1,1,1,0,1,0,0,0,0,1,0,0,0,0,1,1,0,1,0,1,0,1,0,0,1,0,1,0,0,0,1,0,0,0,0,0,0,1,0,0,0,0,0,0,0,0,1,0,0,0,0,1,0,0,0,0,0,0
"133",0,0,0,1,1,0,0,0,0,0,0,0,1,0,0,0,1,1,0,0,0,0,0,0,1,0,0,0,1,1,0,0,0,0,0,0,0,0,1,1,0,0,1,0,0,1,0,0,0,0,1,0,0,0,0,0,0,0,0,0,0,0,1,0,0,1,1,0,0,0,1,0,1,0,0,1,0,0,1,0,0,1,0,0,1,0,0,0,0,0,0,0,1,1,0,1,0,0,0,0
"134",0,0,0,0,0,0,0,0,1,0,0,0,0,1,0,0,0,0,0,0,0,0,1,0,0,0,0,0,0,0,0,0,0,1,1,0,1,0,0,0,0,0,0,0,0,0,0,0,0,0,0,0,1,0,0,1,0,0,1,0,2,0,0,0,0,0,0,0,0,0,0,0,0,0,0,0,0,0,0,0,0,0,0,0,0,0,0,1,1,0,0,0,0,0,0,0,0,0,1,0
"135",0,0,0,0,0,0,0,0,0,0,0,0,0,0,0,0,0,0,1,0,0,0,0,0,0,0,0,0,0,0,0,0,0,0,0,0,0,0,0,0,0,0,0,0,0,0,0,0,0,0,0,0,0,0,0,0,0,0,0,0,0,0,0,0,0,0,0,0,1,0,0,0,0,0,0,0,0,0,0,0,0,0,0,0,0,0,0,0,0,0,0,0,1,0,0,0,0,0,0,0
"136",0,0,0,0,0,0,0,0,0,0,0,0,0,0,0,0,0,0,0,0,0,0,0,0,0,0,0,0,0,0,0,0,0,0,0,1,0,0,0,0,0,0,0,0,0,0,0,0,0,0,0,0,0,0,0,0,0,0,0,0,0,0,0,0,0,0,0,0,0,0,0,0,0,0,0,0,0,0,0,0,0,0,0,0,0,0,0,0,0,0,0,0,0,0,0,0,0,0,0,0
"137",0,0,0,0,0,0,0,0,0,0,0,0,0,0,0,0,0,0,0,0,0,0,0,0,0,0,0,0,0,0,0,0,0,0,0,0,0,0,0,0,0,0,0,0,0,0,0,0,0,0,0,0,0,0,0,0,0,0,0,0,0,0,0,0,0,0,0,0,0,0,0,0,0,0,0,0,0,0,0,0,0,0,0,0,0,0,0,0,0,0,0,0,0,0,0,0,0,0,0,0
"138",0,0,0,0,0,0,0,0,0,0,0,0,0,0,0,0,0,0,0,0,0,0,0,0,0,0,0,0,0,0,0,0,0,0,0,0,0,0,0,0,0,0,0,0,0,0,0,0,0,0,0,0,0,0,0,0,0,0,0,0,0,0,0,0,0,0,0,0,0,0,0,0,0,0,0,0,0,0,0,0,0,0,0,0,0,0,0,0,0,0,0,0,0,0,0,0,0,0,0,0
"139",504,475,506,479,477,498,493,484,499,497,485,490,492,509,478,488,487,492,498,484,485,494,495,488,496,488,503,482,492,499,489,499,485,481,507,490,506,494,507,507,495,485,487,509,483,493,486,497,501,503,501,499,496,487,504,500,504,510,489,498,493,501,500,487,507,474,479,501,491,484,494,499,476,498,492,497,485,494,507,494,488,504,485,516,504,504,487,481,488,518,501,472,500,488,501,483,479,493,495,502
"140",59,62,61,69,62,67,56,61,53,61,71,60,63,66,75,68,65,56,68,76,63,69,49,65,66,68,50,67,59,59,63,63,66,67,67,66,56,66,60,61,58,63,66,63,67,64,69,57,62,64,54,55,71,60,51,64,59,61,66,55,55,64,55,67,56,61,67,70,74,66,69,64,59,61,68,59,65,65,60,58,65,60,57,61,58,64,70,65,60,53,65,61,57,61,59,63,66,67,60,59
"141",12,18,17,18,16,17,17,20,19,17,16,15,17,11,15,15,13,19,11,16,17,18,25,16,15,19,20,21,17,18,19,15,17,14,14,21,15,17,13,15,12,22,13,11,14,13,18,20,22,15,17,18,11,22,21,15,19,14,17,11,16,14,17,15,21,15,16,10,10,15,17,13,19,11,13,15,15,18,18,23,20,17,21,18,13,15,17,20,19,22,11,18,19,22,18,21,18,13,16,15
"142",9,9,8,12,10,5,9,10,8,6,5,8,9,15,7,8,10,10,5,8,13,8,7,9,6,6,12,5,7,6,7,5,6,6,10,7,9,7,7,9,7,9,6,11,7,7,8,12,4,10,9,9,10,8,6,5,9,10,5,12,9,9,9,5,7,10,6,8,8,10,10,10,7,10,6,8,10,9,11,6,8,8,4,4,10,5,13,11,12,6,8,10,10,10,12,4,7,15,8,6
"143",4,6,7,6,4,4,6,3,9,5,5,7,6,2,3,7,4,3,5,1,3,2,6,7,3,5,2,4,4,4,5,6,4,6,3,6,5,5,3,6,6,3,3,5,6,6,5,4,3,3,3,5,7,3,8,4,4,6,4,7,8,5,1,4,4,9,3,5,7,5,3,5,9,5,10,4,6,4,4,4,3,4,11,10,5,2,4,5,1,3,7,4,7,3,5,5,4,3,10,4
"144",3,3,2,0,6,5,2,2,3,1,3,1,3,4,5,1,3,7,2,5,3,5,5,3,5,4,4,3,5,2,1,2,5,1,2,5,3,4,3,7,2,3,2,5,4,3,3,3,4,4,0,4,4,4,4,7,4,3,2,3,2,2,4,3,3,3,1,3,4,3,3,2,5,2,2,3,3,2,1,1,3,4,3,1,2,4,1,3,4,4,2,4,1,0,5,4,4,2,3,5
"145",2,3,1,3,1,0,2,3,2,6,3,2,3,0,1,0,2,1,4,0,3,1,2,1,3,1,1,0,3,4,2,4,2,3,3,0,1,1,3,0,4,0,4,0,3,3,1,0,3,2,3,3,0,1,1,1,0,1,4,0,1,4,3,7,2,1,8,1,1,1,0,1,0,4,2,6,0,1,0,1,4,1,0,0,1,2,0,0,3,5,3,2,1,4,0,4,3,1,0,4
"146",1,0,1,1,1,2,1,1,0,1,1,1,1,2,3,1,0,0,1,2,0,0,1,0,1,2,0,0,2,1,4,2,0,4,0,0,3,2,1,1,0,2,1,0,1,2,1,2,1,0,2,0,1,0,2,1,1,1,0,2,3,0,1,0,0,1,2,1,0,3,2,0,1,1,0,1,2,0,0,1,0,1,1,1,2,2,0,1,1,2,1,1,1,1,2,1,2,3,2,1
"147",0,1,0,0,2,1,1,0,0,0,1,1,0,0,0,2,0,1,2,1,1,0,1,1,0,0,1,3,0,0,1,0,0,0,2,1,2,0,2,1,3,0,1,1,0,0,1,0,1,0,0,0,1,4,0,1,0,1,1,1,1,0,1,0,0,0,0,2,0,0,1,2,0,1,0,1,3,3,2,0,1,1,0,1,2,1,1,2,0,0,1,1,0,0,0,0,1,1,1,0
"148",0,1,2,1,0,0,0,1,0,0,0,2,2,0,0,1,1,0,0,0,1,0,0,0,0,0,0,1,0,1,0,0,2,0,1,1,1,1,0,0,0,0,1,0,0,0,0,1,1,2,1,0,0,0,1,0,1,2,2,1,0,1,0,0,0,0,1,0,2,0,0,0,1,1,0,0,0,0,2,2,1,2,2,0,0,1,0,1,0,0,0,1,1,1,0,0,2,0,0,1
"149",1,0,0,0,1,0,1,0,0,1,0,1,0,0,1,0,1,0,1,0,1,2,0,0,0,0,1,0,0,0,0,0,0,0,0,1,0,0,0,0,0,1,1,0,1,0,0,1,1,0,1,2,0,0,0,1,1,0,0,0,1,2,2,0,2,1,0,2,0,0,0,1,0,0,0,0,1,1,0,0,0,1,2,0,1,1,1,1,0,0,0,1,1,0,1,0,0,0,0,0
"150",2,1,1,0,1,1,1,0,0,0,1,1,0,0,1,2,0,0,1,0,0,0,0,0,0,2,0,0,1,0,0,1,1,0,0,0,0,0,1,0,0,1,0,0,0,0,1,2,0,0,0,0,0,0,0,0,1,1,2,1,1,0,0,0,0,1,0,0,0,1,2,1,0,0,2,0,0,0,0,2,1,1,0,2,0,1,0,0,0,0,2,0,0,1,0,0,0,1,0,0
"151",1,0,1,0,0,0,1,1,0,0,0,0,0,0,0,0,0,1,0,1,0,0,0,0,1,0,1,0,0,0,0,1,1,0,0,0,0,0,0,0,0,0,0,1,0,0,0,0,1,1,0,1,0,0,0,1,0,0,1,1,0,0,0,1,0,0,0,0,0,0,1,1,0,0,1,0,0,1,0,1,0,0,0,1,0,0,1,1,0,0,1,0,0,1,0,0,0,1,0,0
"152",0,1,0,0,0,2,0,1,1,0,1,0,0,0,0,0,0,0,0,1,0,1,1,1,0,0,0,2,0,1,1,0,0,1,0,0,0,1,0,0,1,0,2,1,0,2,1,0,0,0,0,1,0,1,2,0,0,0,0,0,0,1,1,1,0,0,1,0,1,1,0,1,0,0,1,1,0,1,1,0,0,0,0,0,1,0,1,0,1,1,0,0,0,0,0,1,0,0,1,0
"153",0,1,0,2,0,0,0,0,1,1,0,0,0,0,0,0,0,1,0,1,0,0,0,1,0,0,0,0,2,1,0,0,0,1,0,1,0,0,1,0,0,1,1,1,0,0,1,0,0,0,1,0,1,0,0,1,0,0,0,0,0,0,0,0,1,0,0,0,0,0,0,0,2,1,0,1,0,0,1,0,0,0,0,0,0,1,1,0,1,0,0,0,2,0,1,1,1,0,0,0
"154",1,0,0,0,0,0,0,0,0,0,1,1,1,0,0,1,2,1,0,0,0,0,0,0,1,0,1,1,0,1,0,0,0,0,0,0,0,0,0,0,2,0,0,0,0,0,0,0,0,1,1,0,1,0,0,0,0,0,0,1,1,0,0,0,0,0,1,0,0,0,0,0,1,0,0,0,1,0,0,0,1,0,0,0,1,0,0,0,0,0,0,0,0,1,0,1,0,0,1,1
"155",0,0,0,0,1,0,1,0,0,1,0,0,0,2,0,0,1,0,1,0,0,1,1,0,0,1,1,0,0,0,0,1,1,0,0,0,1,1,1,0,0,0,0,0,0,1,0,0,0,0,0,0,0,1,0,0,0,0,0,0,0,0,0,0,0,1,0,1,1,1,0,0,0,0,0,0,0,0,0,1,0,0,1,0,0,0,0,0,0,0,0,2,0,0,0,0,0,0,0,1
"156",0,0,0,0,0,0,0,0,1,0,0,0,0,0,1,0,0,0,0,0,0,0,0,1,1,0,0,0,0,0,1,0,0,0,0,0,0,0,0,0,0,1,0,0,1,0,0,0,0,0,1,0,0,0,0,0,1,0,0,0,0,0,1,1,0,0,0,0,0,0,0,0,0,1,0,0,0,0,0,0,0,0,0,0,0,0,0,0,1,0,0,0,0,0,0,0,0,0,0,0
"157",0,0,0,0,0,0,0,1,0,0,0,0,0,0,0,0,0,0,0,0,0,0,0,0,0,0,0,0,0,0,0,0,0,1,1,0,0,0,0,1,0,0,0,0,1,0,0,0,0,0,0,0,0,0,0,0,0,0,0,0,0,0,0,0,1,1,0,0,0,0,0,0,0,0,0,0,0,0,0,0,0,0,0,0,0,0,0,0,0,0,0,0,0,0,0,0,0,0,0,0
"158",0,0,0,0,0,0,0,0,0,0,0,0,0,0,0,0,0,0,0,0,1,0,0,0,0,0,0,0,0,0,0,0,0,0,0,0,0,0,0,0,0,0,0,0,0,0,0,0,0,0,0,0,0,0,0,0,0,0,0,0,0,0,0,0,0,0,0,0,0,0,0,0,0,0,0,0,0,0,0,0,0,0,0,0,0,0,0,0,0,0,0,0,0,0,0,0,0,0,0,0
"159",0,0,0,0,0,0,0,0,0,0,0,0,0,0,0,0,0,0,0,0,0,0,0,0,0,0,0,0,0,0,0,0,0,0,0,0,0,0,0,0,0,0,0,0,0,0,0,0,0,0,0,0,0,0,0,0,0,0,0,0,0,0,0,0,0,0,0,0,0,0,0,0,0,0,0,0,0,0,0,0,0,0,0,0,0,0,0,0,0,0,0,0,0,0,0,0,0,0,0,0
"160",0,0,0,0,0,0,0,0,0,0,0,0,0,0,0,0,0,0,0,0,0,0,0,0,0,0,0,0,0,0,0,0,0,0,0,0,0,0,0,0,0,0,0,0,0,0,0,0,0,0,0,0,0,0,0,0,0,0,0,0,0,0,0,0,0,0,0,0,0,0,0,0,0,0,0,0,0,0,0,0,0,0,0,0,0,0,0,0,0,0,0,0,0,0,0,0,0,0,0,0
"161",0,0,0,0,0,0,0,0,0,0,0,0,0,0,0,0,0,0,0,0,0,0,0,0,0,0,0,0,0,0,0,0,0,0,0,0,0,0,0,0,0,0,0,0,0,0,0,0,0,0,0,0,0,0,0,0,0,0,0,0,0,0,0,0,0,0,0,0,0,0,0,0,0,0,0,0,0,0,0,0,0,0,0,0,0,0,0,0,0,0,0,0,0,0,0,0,0,0,0,0
"162",488,454,457,454,463,487,465,479,468,483,441,459,461,479,449,456,472,473,467,451,453,482,470,451,461,457,489,480,444,471,462,477,492,448,464,476,465,461,458,454,473,455,482,486,462,459,476,489,487,454,489,462,467,480,467,458,468,463,485,476,461,483,459,439,465,472,458,447,458,469,456,464,474,471,473,469,460,437,447,470,475,458,471,472,462,462,474,445,444,452,456,472,489,482,453,472,469,476,446,473
"163",52,55,57,62,62,46,62,54,71,63,60,64,52,47,60,61,63,58,53,60,57,59,56,50,62,50,56,47,57,61,62,43,44,63,52,58,57,58,54,58,54,60,57,54,54,51,55,57,52,61,54,63,63,51,55,64,63,58,50,54,60,44,51,57,65,60,64,61,54,56,57,53,57,57,50,57,57,56,57,59,55,51,49,53,55,56,60,64,70,59,57,49,50,48,73,64,60,56,53,59
"164",13,16,19,16,20,13,13,12,13,12,18,16,16,11,15,15,13,15,18,20,19,15,19,16,15,20,11,15,21,14,12,15,16,14,15,14,14,24,13,17,11,13,12,17,16,14,16,13,18,13,11,13,14,17,16,13,14,19,17,13,14,19,16,13,13,10,20,18,18,17,17,16,11,13,12,15,15,18,16,9,14,20,11,20,11,14,18,12,19,13,19,17,14,14,15,15,17,21,21,16
"165",5,7,5,8,8,10,9,9,5,5,8,9,9,9,7,6,7,9,3,9,8,6,6,6,7,8,6,7,8,6,7,8,9,6,5,6,7,5,8,9,9,5,10,12,11,9,6,7,8,6,6,5,7,7,5,6,4,10,4,8,9,5,14,12,7,8,4,9,9,5,6,10,11,8,10,4,11,6,9,10,9,10,10,6,11,9,5,7,6,12,9,7,7,10,2,5,7,2,8,4
"166",3,4,1,7,3,5,4,3,5,4,4,3,6,4,5,5,4,4,3,3,4,5,4,6,5,3,6,5,4,3,2,4,3,5,3,3,2,0,7,2,2,8,4,2,2,5,3,1,0,2,6,4,3,5,7,4,4,0,6,3,1,3,3,5,3,4,3,2,5,3,6,4,4,4,3,5,2,6,1,2,5,1,7,1,7,5,3,4,3,6,3,4,3,6,4,3,4,4,5,6
"167",5,4,5,5,1,1,2,4,1,2,1,3,4,4,4,3,2,2,5,4,2,1,3,2,5,3,1,4,3,2,4,3,4,5,6,2,4,2,1,3,6,2,3,3,4,3,4,4,2,6,1,2,3,2,2,3,2,5,1,4,3,5,5,4,4,5,2,4,2,4,3,4,3,4,2,7,1,3,5,4,3,5,1,2,3,1,4,2,3,3,2,4,3,2,5,1,1,1,2,2
"168",3,4,2,0,0,3,1,2,2,3,1,0,0,2,0,3,2,0,1,1,2,1,0,2,1,1,2,1,2,1,1,0,4,2,3,2,2,2,4,3,2,3,2,0,2,0,1,2,3,3,1,2,1,3,1,1,2,0,3,1,1,1,0,3,0,1,1,0,1,2,1,0,1,1,1,1,1,2,3,0,2,2,1,0,0,2,1,2,0,1,2,3,1,3,0,3,2,3,1,2
"169",0,0,1,0,1,0,1,0,1,0,1,2,1,2,1,1,0,2,1,1,2,0,2,2,0,2,1,1,2,1,1,1,0,1,1,1,0,2,0,2,2,0,0,1,1,2,1,1,0,0,2,2,2,0,1,2,1,0,0,2,1,1,1,1,1,0,0,0,0,1,2,1,1,1,4,0,1,1,0,2,0,0,3,4,1,0,1,2,1,1,3,0,3,0,1,1,2,2,0,1
"170",0,1,0,2,1,0,2,1,0,0,1,0,2,1,1,0,1,1,1,1,1,3,0,1,1,1,0,1,1,1,2,2,0,1,0,0,2,0,1,1,2,0,2,0,0,0,0,1,1,1,2,0,1,1,1,0,0,0,0,1,0,1,0,0,2,1,2,3,1,1,0,0,0,3,1,1,1,2,0,0,1,2,1,0,1,2,1,1,0,1,0,0,0,1,0,0,0,1,1,0
"171",1,1,0,0,1,2,0,1,1,1,1,0,0,0,0,2,1,0,1,0,0,1,1,1,1,0,0,0,0,2,0,0,0,0,0,1,1,0,0,0,0,0,0,0,0,1,3,0,1,0,0,0,0,0,0,2,2,1,2,0,2,0,1,1,0,0,0,2,0,2,1,1,0,0,0,0,0,0,0,0,1,0,0,2,0,1,1,0,2,0,0,0,1,1,1,0,0,0,1,0
"172",0,1,1,0,0,1,0,1,1,0,0,1,0,0,0,0,1,0,0,0,0,1,0,0,0,1,0,2,1,1,1,1,1,0,1,1,0,1,0,1,1,2,0,0,2,2,0,0,0,0,0,0,0,0,0,0,0,0,0,0,1,1,1,0,0,2,1,0,0,0,0,2,1,0,1,0,2,1,1,1,0,0,0,1,1,0,0,3,0,0,0,0,2,0,1,1,0,1,0,1
"173",0,0,2,0,0,0,1,0,1,1,0,2,1,0,0,0,0,0,2,1,0,0,0,1,0,0,1,0,0,0,1,1,0,0,0,1,0,0,0,0,0,0,0,1,0,1,0,1,1,1,2,0,1,1,2,1,0,2,1,0,0,0,0,0,0,0,0,0,0,0,0,0,1,0,0,1,0,0,1,0,0,0,0,0,1,0,0,0,1,0,1,0,0,0,2,0,0,0,0,1
"174",0,1,0,0,0,0,0,1,0,0,1,0,0,0,0,0,0,1,1,1,1,0,1,0,0,0,1,1,0,0,0,1,1,1,0,0,0,0,2,1,0,2,1,0,0,1,1,1,0,0,0,1,0,0,0,1,1,0,0,0,1,1,0,1,0,1,0,0,0,1,0,1,0,1,0,0,0,1,0,3,0,1,0,1,1,0,0,0,0,2,0,1,0,1,0,0,1,1,0,1
"175",2,0,0,1,2,1,1,0,0,0,0,0,1,1,0,0,1,0,0,0,0,0,0,1,0,1,1,0,1,1,0,0,0,0,1,0,1,1,1,0,0,0,0,1,0,0,0,0,1,2,0,0,0,0,0,0,0,0,1,1,1,1,0,1,2,0,1,0,1,0,1,0,1,0,0,0,1,0,0,0,0,0,0,0,0,1,1,1,0,0,0,2,0,0,0,1,0,0,2,0
"176",0,0,1,0,0,0,0,0,0,1,0,0,0,0,1,0,0,1,0,0,1,0,1,1,0,0,0,0,0,0,1,1,0,0,0,1,0,0,0,0,0,0,0,0,1,0,0,0,0,0,0,0,1,1,1,0,0,1,0,1,0,0,0,0,0,0,0,1,0,0,1,0,0,0,0,0,0,0,1,0,0,1,1,0,0,0,0,0,0,0,1,0,0,0,0,1,0,0,0,0
"177",0,0,0,0,0,0,0,0,0,0,1,0,0,1,2,1,0,0,0,0,0,0,0,0,1,1,0,0,0,0,0,0,0,1,0,0,1,0,0,0,0,0,0,0,0,0,0,0,0,0,0,1,0,0,0,0,1,0,0,0,0,0,1,0,0,0,1,0,2,0,0,0,0,0,0,1,1,1,1,0,1,0,0,0,0,1,0,0,0,0,0,0,0,0,0,0,0,0,0,0
"178",0,0,0,0,0,0,0,0,0,0,0,0,0,0,0,0,0,0,0,0,0,0,0,0,0,0,0,0,0,0,0,0,0,0,1,0,0,0,0,0,0,0,0,0,0,0,0,0,0,0,0,1,0,0,0,0,0,0,0,0,0,0,0,0,0,0,0,0,0,0,0,0,0,0,0,0,0,0,0,0,0,0,1,0,0,0,0,0,1,0,0,0,0,0,0,0,0,0,1,0
"179",0,0,0,0,0,0,0,0,0,0,0,0,0,0,0,0,0,0,0,0,0,0,0,0,0,0,0,0,0,0,0,0,0,0,0,0,0,0,0,0,0,0,0,0,0,0,0,0,0,0,0,0,0,0,0,0,0,0,0,0,0,0,0,0,0,0,0,0,0,0,0,0,0,0,0,0,0,0,0,0,0,0,0,0,0,0,0,0,0,0,0,0,0,0,0,0,1,0,0,0
"180",0,0,0,0,0,0,0,0,0,0,1,0,0,0,0,0,0,0,0,0,0,0,0,0,0,0,0,0,0,0,0,0,0,0,0,0,0,1,0,0,0,0,0,0,0,0,0,0,0,0,0,0,0,0,0,0,0,0,0,0,0,0,0,0,0,0,0,0,0,0,0,0,0,0,0,0,0,0,0,0,0,0,0,0,0,0,0,0,0,0,0,0,0,0,0,0,0,0,0,0
"181",0,0,0,0,0,0,0,0,0,0,0,0,0,0,0,0,0,0,0,0,0,0,0,0,0,0,0,0,0,0,0,0,0,0,0,0,0,0,0,0,0,0,0,0,0,0,0,0,0,0,0,0,0,0,0,0,0,0,0,0,0,0,0,0,0,0,0,0,0,0,0,0,0,0,1,0,0,0,0,0,0,0,0,0,0,0,0,0,0,0,0,0,0,0,0,0,0,0,0,0
"182",0,0,0,0,0,0,0,0,0,0,0,0,0,0,0,0,0,0,0,0,0,0,0,0,0,0,0,0,0,0,0,0,0,0,0,0,0,0,0,0,0,0,0,0,0,0,0,0,0,0,0,0,0,0,0,0,0,0,0,0,0,0,0,0,0,0,0,0,0,0,0,0,0,0,0,0,0,0,0,0,0,0,0,0,0,0,0,0,0,0,0,0,0,0,0,0,0,0,0,0
"183",0,0,0,0,0,0,0,0,0,0,0,0,0,0,0,0,0,0,0,0,0,0,0,0,0,0,0,0,0,0,0,0,0,0,0,0,0,0,0,0,0,0,0,0,0,0,0,0,0,0,0,0,0,0,0,0,0,0,0,0,0,0,0,0,0,0,0,0,0,0,0,0,0,0,0,0,0,0,0,0,0,0,0,0,0,0,0,0,0,0,0,0,0,0,0,0,0,0,0,0
"184",0,0,0,0,0,0,0,0,0,0,0,0,0,0,0,0,0,0,0,0,0,0,0,0,0,0,0,0,0,0,0,0,0,0,0,0,0,0,0,0,0,0,0,0,0,0,0,0,0,0,0,0,0,0,0,0,0,0,0,0,0,0,0,0,0,0,0,0,0,0,0,0,0,0,0,0,0,0,0,0,0,0,0,0,0,0,0,0,0,0,0,0,0,0,0,0,0,0,0,0
"185",444,426,446,450,421,430,442,446,445,440,453,451,436,478,444,458,427,432,429,444,439,422,429,446,454,449,444,417,420,443,453,424,421,428,435,426,429,439,437,440,420,413,419,436,410,446,471,448,415,436,460,433,442,425,431,440,436,424,455,426,421,448,458,440,433,466,442,445,437,443,438,421,448,445,435,439,437,446,440,454,455,438,445,451,427,433,440,402,431,433,418,442,432,438,440,452,448,426,431,440
"186",45,61,43,52,51,49,48,50,43,48,45,49,52,44,55,44,51,51,56,53,52,56,41,53,48,49,53,58,56,52,43,54,61,54,60,56,52,54,51,52,71,62,59,43,47,50,50,50,58,44,55,40,41,52,48,54,56,66,48,53,53,57,49,62,62,47,48,48,45,50,49,54,47,55,55,51,55,51,45,40,51,45,50,45,62,40,60,53,51,54,54,45,59,61,44,39,45,49,57,55
"187",20,13,13,19,14,16,18,16,16,16,12,11,9,18,14,8,15,12,13,15,13,14,17,17,13,15,14,19,19,13,13,11,20,21,14,16,17,20,14,14,12,17,13,13,20,14,8,13,9,14,15,23,12,15,21,12,16,10,16,15,23,10,14,9,15,11,14,13,16,16,16,12,15,13,10,11,10,7,17,18,12,20,15,15,14,20,10,20,16,15,13,14,9,9,11,18,8,17,12,16
"188",3,6,6,3,4,6,5,7,6,8,5,9,11,2,7,10,6,10,9,5,10,7,10,5,9,8,7,3,7,8,7,8,2,7,8,4,5,6,6,5,7,8,9,10,9,13,4,7,8,8,8,5,5,5,7,12,6,5,7,7,7,6,7,8,5,6,6,6,8,8,6,15,6,5,7,8,8,8,6,3,7,9,6,5,3,8,7,8,3,6,6,9,9,7,10,5,9,11,10,2
"189",4,4,7,5,7,5,3,1,2,2,6,2,7,3,4,6,6,5,2,2,6,5,4,2,2,2,4,8,4,2,2,4,4,3,3,3,1,3,6,8,5,3,6,5,3,3,5,2,5,4,2,6,6,3,3,2,3,5,1,4,3,7,3,5,4,1,5,7,4,3,5,3,5,3,3,2,3,5,4,2,5,3,4,4,1,3,6,3,5,5,4,5,5,2,2,4,4,5,4,4
"190",2,2,0,3,3,3,3,4,2,3,1,3,0,0,1,3,3,1,3,1,1,1,3,1,2,4,3,1,3,3,4,2,2,1,1,3,4,1,1,0,0,1,1,1,1,1,2,6,4,0,0,1,0,3,5,2,3,2,3,2,1,0,4,1,3,5,3,2,2,1,2,0,2,2,3,2,1,1,3,4,1,0,1,3,5,1,1,4,3,2,2,3,1,3,2,4,2,2,3,4
"191",1,0,1,1,2,0,2,1,2,2,3,0,2,2,1,0,2,1,0,2,0,2,0,1,0,0,0,0,1,0,1,2,2,2,0,0,1,2,0,2,2,1,2,2,4,0,2,1,1,4,0,1,1,3,1,0,1,0,1,1,1,3,2,1,1,0,1,2,3,1,1,0,0,0,2,1,3,1,1,0,1,3,1,1,1,1,0,1,4,0,2,1,3,2,0,1,3,1,3,1
"192",3,0,2,1,1,0,1,1,0,0,0,0,1,0,0,1,2,0,0,0,0,0,1,1,0,0,0,2,1,0,1,2,1,0,1,2,2,0,2,1,2,1,0,1,1,1,0,0,1,1,0,1,2,1,0,2,1,1,0,1,1,0,0,1,2,2,1,0,0,1,1,1,0,2,0,3,4,3,1,0,0,2,0,1,1,1,0,0,0,2,0,0,1,1,3,0,1,0,0,0
"193",0,0,1,0,0,0,0,0,3,1,1,0,0,0,1,0,0,1,0,1,1,1,2,1,1,1,1,0,1,0,0,0,0,1,0,1,1,0,0,0,0,2,0,0,1,1,0,0,1,0,0,0,2,0,1,0,0,0,0,0,1,1,0,1,1,0,0,0,1,1,0,2,1,1,0,1,1,0,1,0,0,0,1,2,0,0,0,1,0,2,0,1,1,0,1,0,1,0,0,0
"194",1,2,0,0,1,1,0,0,1,0,0,1,0,0,0,0,0,2,1,1,0,1,0,0,1,0,0,0,0,1,0,2,0,1,1,1,0,0,1,0,0,0,0,0,0,0,3,0,0,0,0,0,0,0,0,0,1,0,1,0,0,0,0,0,0,0,0,0,0,1,2,0,1,0,0,1,0,0,0,1,1,0,0,0,0,0,0,1,0,0,3,0,1,0,0,0,1,0,0,0
"195",0,0,0,1,1,0,1,0,0,1,0,1,1,2,0,1,0,0,0,0,0,1,0,1,1,0,0,1,0,0,1,0,0,1,0,2,0,0,1,1,1,0,0,1,1,0,0,1,0,1,1,0,1,2,0,2,0,0,1,0,1,1,0,0,0,1,0,0,1,0,0,0,0,1,0,0,0,0,1,0,1,0,1,0,1,1,1,0,0,1,0,1,0,0,1,1,0,0,0,2
"196",0,0,0,0,0,1,0,0,0,0,1,1,0,0,1,0,0,0,2,1,1,0,1,0,0,1,1,0,0,3,1,0,0,0,2,0,0,1,0,0,0,0,0,1,0,0,0,0,0,1,2,1,0,0,0,0,0,0,0,1,1,0,0,0,0,0,0,0,1,0,1,0,1,0,1,0,0,1,0,0,1,0,1,0,1,1,0,1,0,0,1,1,0,1,1,1,0,0,1,0
"197",1,0,0,0,0,1,0,2,0,0,0,1,1,1,0,0,0,0,0,0,1,1,0,0,0,1,1,0,1,0,0,1,1,0,0,0,1,0,0,1,0,0,0,0,0,0,0,1,0,0,0,1,0,0,1,0,0,1,0,0,0,0,1,0,0,1,0,1,0,0,0,2,1,0,0,0,0,0,0,0,0,0,1,0,0,1,1,0,1,0,0,0,0,0,1,0,0,0,0,1
"198",0,1,1,0,0,1,1,0,0,1,0,0,0,0,1,0,0,0,1,0,0,0,1,0,0,0,0,0,0,0,1,0,1,0,0,0,1,1,1,0,0,0,1,0,0,1,0,0,1,0,0,1,1,1,0,0,1,2,1,2,0,0,0,1,0,0,1,1,0,1,0,0,0,0,1,1,0,0,1,1,0,0,0,0,1,0,1,0,0,0,0,0,0,0,0,1,1,1,0,0
"199",0,1,0,0,1,0,0,0,0,0,1,0,0,0,0,1,0,1,0,0,0,0,0,0,1,0,0,0,0,0,0,0,0,0,0,0,0,0,0,0,0,0,0,1,1,0,0,0,1,1,0,0,0,0,0,0,0,0,0,0,0,0,0,0,0,0,0,0,0,0,0,0,0,1,0,0,0,0,0,0,0,0,0,1,0,1,0,1,1,0,1,0,0,1,0,0,0,1,0,0
"200",0,0,1,0,0,0,0,0,1,0,0,0,0,0,0,0,1,0,0,1,0,0,0,0,0,0,0,0,0,0,0,0,0,0,0,0,0,0,0,0,0,0,1,0,0,0,0,0,0,0,0,0,1,0,0,0,0,0,0,0,0,0,0,0,0,0,1,0,0,0,0,0,0,0,1,0,0,0,0,1,0,1,0,0,0,0,0,0,0,0,0,0,0,0,0,0,0,0,0,0
"201",0,0,0,0,0,0,0,0,0,0,0,0,0,0,0,0,0,0,0,0,0,0,0,0,0,0,0,1,0,0,0,0,0,0,0,0,0,0,0,0,0,0,0,0,0,0,0,0,0,0,0,0,0,0,0,0,0,0,0,0,0,0,0,0,0,0,0,0,0,0,0,0,0,0,0,0,0,1,0,0,0,0,0,0,0,0,0,0,0,0,0,0,0,0,0,0,0,0,0,0
"202",0,0,0,0,0,0,0,0,0,0,0,0,0,0,0,0,0,0,0,0,0,0,0,1,0,0,0,0,0,0,0,0,0,0,0,0,0,0,0,0,0,1,0,0,0,0,0,0,0,0,0,0,0,0,0,0,0,0,0,0,0,0,0,0,0,0,0,0,0,0,0,0,0,0,0,0,0,0,0,1,0,0,0,0,0,0,0,0,0,0,0,0,0,0,0,0,0,0,0,0
"203",0,0,0,0,0,0,0,0,0,0,0,0,0,0,0,0,0,0,0,0,0,0,0,0,0,0,0,0,0,0,0,0,0,0,0,0,0,0,0,0,0,0,0,0,0,0,0,0,0,0,0,0,0,0,0,0,0,0,0,0,0,0,0,0,0,0,0,0,0,0,0,0,0,0,0,0,0,0,0,0,0,0,0,0,0,0,0,0,0,0,0,0,0,0,0,0,0,0,0,0
"204",0,0,0,0,0,0,0,0,0,0,0,0,0,0,0,0,0,0,0,0,0,0,0,0,0,0,0,0,0,0,0,0,0,0,0,0,0,0,0,0,0,0,0,0,0,0,0,0,0,0,0,0,0,0,0,0,0,0,0,0,0,0,0,0,0,0,0,0,0,0,0,0,0,0,0,0,0,0,0,0,0,0,0,0,0,0,0,0,0,0,0,0,0,0,0,0,0,0,0,0
"205",0,0,0,0,0,0,0,0,0,0,0,0,0,0,0,0,0,0,0,0,0,0,0,0,0,0,0,0,0,0,0,0,0,0,0,0,0,0,0,0,0,0,0,0,0,0,0,0,0,0,0,0,0,0,0,0,0,0,0,0,0,0,0,0,0,0,0,0,0,0,0,0,0,0,0,0,0,0,0,0,0,0,0,0,0,0,0,0,0,0,0,0,0,0,0,0,0,0,0,0
"206",0,0,0,0,0,0,0,0,0,0,0,0,0,0,0,0,0,0,0,0,0,0,0,0,0,0,0,0,0,0,0,0,0,0,0,0,0,0,0,0,0,0,0,0,0,0,0,0,0,0,0,0,0,0,0,0,0,0,0,0,0,0,0,0,0,0,0,0,0,0,0,0,0,0,0,0,0,0,0,0,0,0,0,0,0,0,0,0,0,0,0,0,0,0,0,0,0,0,0,0
"207",0,0,0,0,0,0,0,0,0,0,0,0,0,0,0,0,0,0,0,0,0,0,0,0,0,0,0,0,0,0,0,0,0,0,0,0,0,0,0,0,0,0,0,0,0,0,0,0,0,0,0,0,0,0,0,0,0,0,0,0,0,0,0,0,0,0,0,0,0,0,0,0,0,0,0,0,0,0,0,0,0,0,0,0,0,0,0,0,0,0,0,0,0,0,0,0,0,0,0,0
"208",421,399,405,415,396,384,423,416,414,427,406,413,417,408,407,406,421,416,402,417,434,423,418,419,415,402,422,398,415,411,391,430,406,410,405,379,419,403,414,404,423,418,425,405,430,397,406,399,403,391,393,424,417,397,407,414,429,404,421,391,413,411,406,420,408,410,395,398,411,408,421,394,417,399,394,413,430,401,434,393,409,392,402,401,411,401,396,401,407,400,415,407,426,397,409,418,410,406,400,386
"209",48,42,50,48,49,54,32,49,51,38,44,38,45,48,36,40,36,36,46,38,33,34,37,37,49,51,48,51,48,50,51,40,49,52,50,51,42,52,47,36,46,54,47,49,44,48,49,49,49,50,47,39,58,48,48,46,40,39,43,41,42,36,45,38,45,43,52,50,47,47,42,47,33,52,54,47,39,35,41,56,49,52,53,48,42,43,53,57,48,50,54,49,37,44,41,42,51,47,46,52
"210",12,13,11,8,14,11,12,8,10,13,14,13,8,11,19,15,16,11,15,14,14,15,13,10,12,16,12,16,9,10,11,13,15,11,10,14,19,10,17,16,14,12,11,12,11,13,10,16,11,13,14,13,12,15,12,8,8,11,11,17,12,14,14,11,12,14,10,16,12,16,9,16,17,9,4,10,15,20,12,11,11,12,14,17,11,16,12,14,10,13,7,14,13,15,14,12,13,12,14,14
"211",6,8,5,9,3,5,8,7,5,5,7,6,9,8,4,7,2,9,8,8,7,7,1,15,9,3,7,5,6,4,10,2,9,7,5,6,5,7,1,11,4,4,7,8,6,6,4,5,7,2,9,3,2,6,8,8,6,10,8,9,9,9,8,8,3,3,4,4,9,3,10,8,9,9,5,6,5,8,5,8,5,4,2,6,7,8,8,3,8,9,7,3,6,7,6,3,5,7,6,7
"212",1,1,4,4,6,3,4,3,2,4,4,3,1,2,4,2,5,3,3,3,2,2,5,1,3,3,2,1,0,3,2,5,2,1,4,3,3,4,2,2,4,2,4,3,4,3,2,2,4,7,1,3,1,0,2,2,3,5,2,4,3,0,2,4,4,3,5,3,2,4,5,1,2,1,5,3,2,2,4,3,3,7,3,4,2,2,2,4,2,5,4,3,3,4,4,3,3,3,5,2
"213",2,2,1,1,1,4,3,5,2,2,2,1,0,2,3,1,1,2,1,3,1,1,1,2,0,3,1,4,3,2,1,2,2,1,2,4,1,0,1,0,2,1,0,2,0,0,3,0,2,3,4,2,1,3,1,1,3,2,1,1,1,3,2,2,2,3,2,2,1,2,2,2,2,2,4,2,2,0,2,1,0,1,2,1,3,1,1,2,0,0,1,4,4,0,2,2,1,1,2,3
"214",1,0,2,1,1,0,0,0,2,0,0,1,1,0,0,2,3,1,1,0,1,2,1,1,3,0,2,1,0,1,2,1,1,2,1,1,0,2,1,3,0,1,3,2,0,2,3,3,0,0,1,1,1,2,0,0,1,1,1,2,2,2,0,0,1,1,2,0,2,1,0,2,1,1,0,2,1,2,0,0,0,1,1,1,1,2,2,0,2,1,2,0,1,3,2,1,1,2,2,0
"215",1,2,1,0,1,0,1,1,2,0,1,2,4,1,1,1,2,0,0,1,0,3,3,0,1,0,1,0,2,2,0,1,0,0,1,0,0,1,0,1,3,0,1,1,0,1,0,0,2,0,0,1,2,1,0,1,1,1,0,0,2,1,2,1,1,2,1,0,0,1,1,1,1,1,3,1,1,1,0,0,1,1,1,0,1,1,0,2,2,0,1,1,0,0,0,1,1,1,1,1
"216",1,1,0,0,1,2,0,0,0,0,0,0,2,1,1,0,0,0,1,0,0,0,1,1,0,1,1,0,0,0,1,1,0,1,0,1,2,0,1,0,0,2,0,1,0,0,2,1,1,3,0,1,2,3,3,2,0,0,0,0,1,2,0,2,0,0,0,0,0,1,0,1,1,2,0,1,1,1,0,2,1,0,1,0,1,0,1,0,0,0,1,0,1,0,0,0,0,1,0,1
"217",0,0,0,1,1,0,1,1,0,1,1,1,0,1,0,1,0,0,1,1,0,0,0,0,0,0,0,0,1,1,0,0,0,2,0,0,1,0,1,1,0,1,0,0,2,0,0,0,1,0,0,0,0,0,0,1,1,0,1,0,0,1,1,1,1,1,0,0,1,0,0,0,0,0,0,1,1,0,0,2,0,0,2,0,1,0,2,0,0,1,0,0,0,3,0,0,1,0,0,1
"218",1,3,1,0,1,0,0,0,1,0,0,1,0,1,2,2,0,1,1,1,1,1,1,0,0,1,0,0,1,0,1,1,0,0,0,0,0,2,0,0,0,0,0,0,0,1,0,1,0,1,0,0,0,0,0,0,0,2,1,0,0,0,1,0,0,0,0,1,0,1,0,0,0,0,2,0,0,1,0,0,1,1,0,0,1,1,0,0,1,0,0,1,1,0,0,1,0,0,0,0
"219",0,0,1,0,0,1,0,0,0,1,0,1,0,0,0,0,1,0,0,0,1,0,1,0,0,1,0,1,1,1,0,0,0,0,1,1,0,0,2,1,0,0,0,0,0,1,1,0,0,0,0,1,0,0,0,0,0,0,0,0,0,0,0,0,0,0,1,0,1,0,1,0,0,0,0,0,0,0,1,0,0,0,0,2,0,0,0,1,0,1,0,1,0,0,1,1,1,0,1,0
"220",0,0,0,0,0,0,0,0,0,1,0,0,0,0,0,0,0,1,0,0,1,0,0,1,0,0,0,1,0,0,1,0,0,0,0,0,0,0,0,0,0,0,0,0,0,1,0,1,0,0,0,1,0,0,0,0,0,0,1,0,0,0,0,0,2,1,1,0,0,0,0,1,1,1,0,0,0,0,1,0,2,0,0,0,0,1,0,0,1,0,0,0,0,0,0,0,0,1,0,0
"221",0,0,0,0,0,0,0,0,0,0,0,0,0,0,0,0,0,1,0,0,0,0,0,0,0,0,0,0,0,0,0,0,0,0,0,0,0,0,0,0,0,0,0,0,1,0,0,0,0,0,2,0,0,0,0,0,1,0,0,1,0,0,0,0,0,0,0,1,0,0,0,0,0,0,0,0,0,1,0,0,0,1,0,0,0,0,0,0,0,0,0,0,0,0,1,1,0,0,0,1
"222",0,0,0,1,0,1,0,0,0,0,1,0,0,0,0,0,0,0,0,0,0,0,0,0,0,0,0,0,0,0,0,0,1,0,1,1,0,0,0,0,0,0,0,0,0,0,0,0,0,0,0,0,0,0,1,1,0,0,0,1,0,0,0,0,0,0,0,1,0,0,0,0,0,0,0,0,0,0,0,0,0,0,0,0,0,0,0,0,0,0,0,0,0,0,0,0,0,0,0,0
"223",0,0,0,0,0,0,0,0,0,0,0,0,0,0,0,0,0,0,0,0,0,0,0,0,0,0,0,0,0,0,0,0,0,0,0,0,0,0,0,0,0,0,0,0,0,0,0,0,0,0,0,0,0,0,0,0,0,0,0,0,0,0,0,0,0,0,0,0,0,0,0,0,0,0,0,0,0,0,0,0,0,0,0,0,0,0,0,0,0,0,0,0,0,0,0,0,0,0,0,0
"224",0,0,0,0,0,0,0,0,0,0,0,0,0,0,0,0,0,0,0,0,0,0,0,0,0,0,0,0,0,0,0,0,0,0,0,0,0,0,0,0,0,0,0,0,0,0,0,0,0,0,0,0,0,0,0,0,0,0,0,0,0,0,0,0,0,0,0,0,0,0,0,0,0,0,0,0,0,0,0,0,0,0,0,0,0,0,0,0,0,0,0,0,0,0,0,0,0,0,0,0
"225",0,0,0,0,0,0,1,0,0,0,0,0,0,0,0,0,0,0,0,0,0,0,0,0,0,0,0,0,0,0,0,0,0,0,0,0,0,0,0,0,0,0,0,0,0,0,0,0,0,0,0,0,0,0,0,0,0,0,0,0,0,0,0,0,0,0,0,0,0,0,0,0,0,0,0,0,0,0,0,0,0,0,0,0,0,0,0,0,0,0,0,0,0,0,0,0,0,0,0,0
"226",0,0,0,0,0,0,0,0,0,0,0,0,0,0,0,0,0,0,0,0,0,0,0,0,0,0,0,0,0,0,0,0,0,0,0,0,0,0,0,0,0,0,0,0,0,0,0,0,0,0,0,0,0,0,0,0,0,0,0,0,0,0,0,0,0,0,0,0,0,0,0,0,0,0,0,0,0,0,0,0,0,0,0,0,0,0,0,0,0,0,0,0,0,0,0,0,0,0,0,0
"227",0,0,0,0,0,0,0,0,0,0,0,0,0,0,0,0,0,0,0,0,0,0,0,0,0,0,0,0,0,0,0,0,0,0,0,0,0,0,0,0,0,0,0,0,0,0,0,0,0,0,0,0,0,0,0,0,0,0,0,0,0,0,0,0,0,0,0,0,0,0,0,0,0,0,0,0,0,0,0,0,0,0,0,0,0,0,0,0,0,0,0,0,0,0,0,0,0,0,0,0
"228",0,0,0,0,0,0,0,0,0,0,0,0,0,0,0,0,0,0,0,0,0,0,0,0,0,0,0,0,0,0,0,0,0,0,0,0,0,0,0,0,0,0,0,0,0,0,0,0,0,0,0,0,0,0,0,0,0,0,0,0,0,0,0,0,0,0,0,0,0,0,0,0,0,0,0,0,0,0,0,0,0,0,0,0,0,0,0,0,0,0,0,0,0,0,0,0,0,0,0,0
"229",0,0,0,0,0,0,0,0,0,0,0,0,0,0,0,0,0,0,0,0,0,0,0,0,0,0,0,0,0,0,0,0,0,0,0,0,0,0,0,0,0,0,0,0,0,0,0,0,0,0,0,0,0,0,0,0,0,0,0,0,0,0,0,0,0,0,0,0,0,0,0,0,0,0,0,0,0,0,0,0,0,0,0,0,0,0,0,0,0,0,0,0,0,0,0,0,0,0,0,0
"230",0,0,0,0,0,0,0,0,0,0,0,0,0,0,0,0,0,0,0,0,0,0,0,0,0,0,0,0,0,0,0,0,0,0,0,0,0,0,0,0,0,0,0,0,0,0,0,0,0,0,0,0,0,0,0,0,0,0,0,0,0,0,0,0,0,0,0,0,0,0,0,0,0,0,0,0,0,0,0,0,0,0,0,0,0,0,0,0,0,0,0,0,0,0,0,0,0,0,0,0
"231",363,382,377,381,383,382,383,385,397,381,365,397,380,386,375,400,383,396,400,360,371,354,376,379,370,365,401,364,410,370,374,377,390,374,370,377,386,370,390,383,378,388,373,386,387,379,360,360,377,369,363,368,383,356,372,375,372,377,364,380,384,371,357,396,377,385,361,341,408,369,383,362,365,378,372,368,394,372,385,381,359,386,395,372,386,395,373,373,372,390,380,378,358,374,359,382,371,391,381,362
"232",45,46,33,37,44,35,42,34,37,48,43,39,37,39,36,48,38,40,27,48,40,45,39,52,43,47,35,48,34,40,45,39,33,35,41,41,33,38,40,44,44,48,39,40,37,36,47,48,38,45,38,46,41,53,42,42,44,39,51,40,41,44,48,40,46,40,41,47,34,43,37,50,37,54,41,47,39,46,39,43,52,42,39,44,49,36,46,42,44,39,47,32,40,40,49,41,40,34,41,43
"233",9,9,13,12,12,11,9,10,10,9,14,4,15,8,8,5,12,6,10,10,12,16,9,14,16,12,11,8,9,16,14,10,10,14,12,14,12,9,9,7,5,10,13,10,11,14,12,9,14,15,10,11,10,12,14,14,11,14,8,8,14,12,14,10,7,5,14,9,10,11,15,14,13,10,15,8,9,7,7,12,8,11,12,13,9,5,13,14,7,13,8,10,14,9,12,9,16,9,10,15
"234",7,4,7,2,2,4,4,5,4,4,6,2,6,4,9,3,4,4,3,8,2,2,7,3,4,1,6,6,5,5,5,5,4,2,2,2,6,5,6,5,5,4,8,2,6,4,6,6,7,2,10,7,4,6,3,3,3,3,4,5,4,7,7,3,7,7,7,5,5,4,5,4,5,5,4,9,1,8,4,5,5,3,4,4,6,7,2,5,8,5,1,7,6,4,5,5,4,5,4,4
"235",2,1,6,3,3,4,0,4,2,0,1,5,1,4,5,6,4,2,4,1,4,6,5,1,1,4,2,3,4,3,3,6,5,5,6,1,3,5,2,4,3,0,4,2,2,2,1,4,1,7,3,0,1,3,1,1,4,3,4,1,3,1,1,3,1,5,3,5,3,4,1,3,5,2,6,2,4,2,2,2,4,4,2,1,1,3,0,3,0,1,4,4,2,4,1,2,3,4,1,3
"236",1,1,1,1,2,4,2,1,2,2,1,2,1,2,2,1,3,2,1,3,1,1,0,1,1,0,0,3,1,3,3,1,1,3,2,1,2,3,3,1,1,1,0,4,2,1,3,0,1,0,2,1,1,0,1,2,3,3,1,1,1,1,0,0,1,1,1,2,1,3,1,0,2,2,0,0,1,2,2,1,2,0,1,1,2,2,2,0,5,3,2,1,2,1,2,3,2,2,6,1
"237",0,3,0,2,0,0,2,1,1,1,4,1,1,1,0,1,0,0,2,0,2,0,0,0,1,2,0,1,1,1,1,1,0,0,1,0,2,0,0,0,3,2,1,0,0,2,0,1,2,0,0,4,1,1,0,0,1,2,0,3,0,0,0,2,1,1,0,1,0,1,1,1,2,0,0,2,0,0,0,0,1,1,0,1,2,1,1,1,1,1,0,1,3,2,1,1,0,0,1,1
"238",1,1,0,0,3,0,0,1,1,1,0,0,0,0,0,0,1,0,1,2,2,1,0,0,1,0,1,0,1,1,0,0,0,1,0,1,0,0,1,0,0,2,1,2,1,1,0,2,1,0,0,0,2,0,2,3,2,0,0,0,0,1,2,0,1,1,4,0,0,1,2,3,1,1,0,1,1,1,2,1,1,0,2,1,0,0,1,2,2,0,4,0,0,1,1,0,0,1,0,0
"239",0,1,0,1,0,1,1,1,0,1,0,0,0,0,0,0,1,1,1,1,0,0,0,2,1,2,0,2,0,0,0,2,0,0,0,3,0,2,1,2,0,0,1,0,2,1,1,0,0,1,1,0,0,1,1,0,0,0,1,2,0,0,0,1,0,0,0,1,1,1,0,0,1,0,0,0,1,1,2,1,0,0,1,0,0,0,3,1,0,1,0,1,1,0,1,0,0,1,1,1
"240",0,0,2,0,0,0,1,0,0,1,1,0,0,0,1,0,0,0,0,0,0,1,1,0,0,0,2,0,0,0,0,0,2,1,1,0,0,0,0,1,0,0,0,0,0,1,2,0,1,1,1,0,1,0,2,0,0,1,0,0,1,0,0,1,1,0,0,2,1,0,1,0,0,0,1,0,2,1,1,1,0,0,0,0,0,0,0,0,0,0,0,0,1,1,0,2,0,0,0,2
"241",2,0,0,1,0,0,1,0,0,0,0,0,0,1,0,0,0,1,0,0,0,0,2,0,1,0,0,0,0,0,0,0,0,1,1,1,0,0,0,0,1,0,0,0,0,0,0,0,0,0,1,1,1,0,0,0,0,0,0,0,1,1,2,0,0,0,0,1,0,0,0,0,0,0,1,0,0,0,0,0,0,1,0,1,0,2,0,0,0,0,0,0,0,1,0,0,0,1,0,0
"242",1,0,0,1,0,1,0,0,1,0,0,0,1,1,1,0,0,0,0,0,0,1,0,0,0,0,0,0,0,0,0,0,0,0,0,0,0,1,0,0,1,0,0,1,0,0,0,0,0,0,0,0,0,0,0,1,0,0,1,1,0,0,0,0,1,1,0,0,0,0,0,0,0,0,0,1,0,0,0,0,1,0,0,0,0,0,0,0,0,0,0,2,0,0,1,0,2,0,0,0
"243",0,0,0,0,0,0,0,1,0,0,0,1,1,0,0,0,0,0,1,0,0,0,0,0,0,0,0,0,0,0,0,0,1,0,0,0,1,0,0,0,0,0,0,0,0,0,0,0,0,0,0,0,0,1,0,0,0,0,1,0,0,1,0,0,0,0,0,0,0,0,0,0,0,0,0,0,0,0,0,0,0,1,0,0,0,0,0,0,0,0,0,0,0,0,0,0,0,0,0,0
"244",0,0,0,0,0,0,0,0,0,0,0,1,0,0,0,0,0,1,0,0,0,0,0,0,0,0,0,0,0,0,0,0,0,0,0,0,0,0,0,0,0,0,0,0,0,0,0,0,0,0,0,0,0,0,0,0,0,0,0,0,0,0,0,0,0,0,0,0,0,0,0,0,0,0,0,0,0,0,0,0,0,0,0,1,0,0,0,0,0,0,0,0,0,0,0,0,0,0,0,0
"245",0,0,0,0,0,0,0,0,0,0,0,0,0,0,0,0,0,0,0,0,1,0,0,0,0,1,0,0,0,0,0,0,0,0,0,0,0,0,0,0,0,0,0,0,0,0,0,0,0,0,0,0,0,0,0,0,0,0,0,0,0,0,0,0,0,0,0,0,0,0,0,0,0,0,0,0,0,0,0,0,0,0,0,0,0,0,0,0,0,0,0,0,0,0,0,0,0,0,0,0
"246",0,0,0,0,0,0,0,0,0,0,0,0,0,0,0,0,0,0,0,0,0,0,0,0,0,0,0,0,0,0,0,0,0,0,0,0,0,0,0,0,0,0,0,0,0,0,0,1,0,0,0,0,0,0,0,0,0,0,0,0,0,0,0,0,0,0,0,0,0,0,0,0,0,0,0,0,0,0,0,0,0,0,0,0,0,0,0,0,0,0,0,0,0,0,0,0,0,0,0,0
"247",0,0,0,0,0,0,0,0,0,0,0,0,0,0,0,0,0,0,0,0,0,0,0,0,0,0,0,0,0,0,0,0,0,0,0,0,0,0,0,0,0,0,0,0,0,0,0,0,0,0,0,0,0,0,0,0,0,0,0,0,0,0,0,0,0,0,0,0,0,0,0,0,0,0,0,0,0,0,0,0,0,0,0,0,0,0,0,0,0,0,0,0,0,0,0,0,0,0,0,0
"248",0,0,0,0,0,0,0,0,0,0,0,0,0,0,0,0,0,0,0,0,0,0,0,0,0,0,0,0,0,0,0,0,0,0,0,0,0,0,0,0,0,0,0,0,0,0,0,0,0,0,0,0,0,0,0,0,0,0,0,0,0,0,0,0,0,0,0,0,0,0,0,0,0,0,0,0,0,0,0,0,0,0,0,0,0,0,0,0,0,0,0,0,0,0,0,0,0,0,0,0
"249",0,0,0,0,0,0,0,0,0,0,0,0,0,0,0,0,0,0,0,0,0,0,0,0,0,0,0,0,0,0,0,0,0,0,0,0,0,0,0,0,0,0,0,0,0,0,0,0,0,0,0,0,0,0,0,0,0,0,0,0,0,0,0,0,0,0,0,0,0,0,0,0,0,0,0,0,0,0,0,0,0,0,0,0,0,0,0,0,0,0,0,0,0,0,0,0,0,0,0,0
"250",0,0,0,0,0,0,0,0,0,0,0,0,0,0,0,0,0,0,0,0,0,0,0,0,0,0,0,0,0,0,0,0,0,0,0,0,0,0,0,0,0,0,0,0,0,0,0,0,0,0,0,0,0,0,0,0,0,0,0,0,0,0,0,0,0,0,0,0,0,0,0,0,0,0,0,0,0,0,0,0,0,0,0,0,0,0,0,0,0,0,0,0,0,0,0,0,0,0,0,0
"251",0,0,0,0,0,0,0,0,0,0,0,0,0,0,0,0,0,0,0,0,0,0,0,0,0,0,0,0,0,0,0,0,0,0,0,0,0,0,0,0,0,0,0,0,0,0,0,0,0,0,0,0,0,0,0,0,0,0,0,0,0,0,0,0,0,0,0,0,0,0,0,0,0,0,0,0,0,0,0,0,0,0,0,0,0,0,0,0,0,0,0,0,0,0,0,0,0,0,0,0
"252",0,0,0,0,0,0,0,0,0,0,0,0,0,0,0,0,0,0,0,0,0,0,0,0,0,0,0,0,0,0,0,0,0,0,0,0,0,0,0,0,0,0,0,0,0,0,0,0,0,0,0,0,0,0,0,0,0,0,0,0,0,0,0,0,0,0,0,0,0,0,0,0,0,0,0,0,0,0,0,0,0,0,0,0,0,0,0,0,0,0,0,0,0,0,0,0,0,0,0,0
"253",0,0,0,0,0,0,0,0,0,0,0,0,0,0,0,0,0,0,0,0,0,0,0,0,0,0,0,0,0,0,0,0,0,0,0,0,0,0,0,0,0,0,0,0,0,0,0,0,0,0,0,0,0,0,0,0,0,0,0,0,0,0,0,0,0,0,0,0,0,0,0,0,0,0,0,0,0,0,0,0,0,0,0,0,0,0,0,0,0,0,0,0,0,0,0,0,0,0,0,0
"254",339,330,331,337,344,343,348,339,369,337,331,352,324,348,352,341,349,357,334,349,340,338,378,349,340,335,353,357,341,331,330,334,358,347,343,334,354,357,338,336,338,358,336,343,350,362,343,337,351,326,344,354,358,346,354,347,356,341,356,359,348,355,357,349,338,336,335,361,333,347,345,359,336,355,332,343,341,336,325,345,352,358,345,357,342,346,331,348,360,347,330,330,358,345,340,323,336,334,346,338
"255",32,38,33,35,37,33,39,40,34,38,35,41,49,36,39,35,31,36,38,32,40,33,30,40,34,34,41,41,41,34,40,37,36,30,40,38,36,33,44,38,37,46,37,28,33,29,30,46,43,46,39,37,34,40,29,34,36,40,27,29,35,40,32,31,43,48,32,33,45,35,37,36,42,36,33,36,34,37,43,34,38,33,37,31,38,34,34,40,40,32,40,34,29,36,34,41,33,45,38,34
"256",14,14,12,8,7,10,7,13,8,12,8,5,11,5,3,16,12,9,11,12,10,9,8,7,10,12,6,8,11,12,11,11,8,14,7,8,10,7,6,11,9,6,7,17,7,9,9,6,8,11,9,4,8,8,13,11,9,12,15,9,9,9,9,13,12,5,9,8,11,6,7,7,8,9,8,6,8,12,5,9,5,8,10,12,13,9,11,9,9,12,11,11,11,10,6,5,13,12,8,10
"257",5,2,4,5,4,6,3,1,5,3,2,3,2,2,5,1,1,3,4,4,6,5,5,5,6,1,2,3,3,4,3,7,5,5,3,5,1,8,3,4,5,2,5,4,5,3,3,3,3,5,5,5,7,5,5,6,7,1,1,6,6,3,1,3,4,3,6,5,4,6,5,8,9,2,5,6,5,3,8,4,3,7,7,6,4,6,3,5,3,3,3,3,3,4,6,7,6,1,4,5
"258",2,2,6,2,4,3,3,3,2,4,3,4,3,4,2,3,4,2,3,2,3,0,3,2,3,6,1,2,2,2,2,1,2,2,0,2,4,0,2,0,3,0,1,2,2,0,3,4,1,2,0,1,2,1,2,0,1,1,3,2,2,4,3,4,2,2,1,2,2,2,5,1,0,2,2,1,2,2,4,1,3,0,2,3,1,1,6,3,2,2,2,3,2,2,3,4,0,3,2,1
"259",0,1,1,1,0,0,1,0,0,2,2,1,0,1,0,3,0,0,0,0,1,0,1,2,2,0,1,3,0,2,3,2,0,4,2,1,0,1,3,0,3,1,2,0,0,3,1,0,2,0,3,2,0,0,0,1,0,1,2,1,1,0,0,1,0,0,1,2,1,3,0,0,2,0,3,2,2,4,1,1,4,0,0,0,1,1,0,1,0,3,1,2,0,2,3,1,2,0,1,3
"260",1,0,1,1,1,1,2,1,0,0,0,1,1,3,2,1,1,2,0,1,0,1,0,0,0,0,1,0,0,1,0,0,0,0,0,2,1,3,0,3,0,0,1,1,1,1,2,2,0,0,1,1,1,1,2,1,1,0,1,1,0,0,2,1,1,1,0,0,1,1,1,2,0,2,1,0,0,0,0,4,0,0,1,0,1,1,1,1,2,1,2,2,0,0,0,1,0,1,2,0
"261",0,0,0,0,0,0,0,0,0,0,1,0,0,0,1,0,2,0,0,0,1,0,0,0,0,0,0,0,2,0,0,1,1,0,1,1,2,0,1,0,0,0,1,1,2,0,0,0,0,0,0,1,1,0,1,1,1,0,0,0,1,0,1,1,0,2,1,0,1,0,0,0,0,1,1,0,1,0,0,1,0,2,0,0,0,0,0,0,0,0,1,0,0,0,0,0,1,1,0,3
"262",0,1,0,2,0,2,1,1,0,0,0,1,2,0,0,0,1,0,1,0,0,1,0,0,0,1,0,0,1,0,1,1,0,0,3,0,0,0,0,0,0,1,1,0,0,1,0,0,0,0,1,0,0,0,0,0,0,1,0,0,0,1,0,0,0,0,1,0,0,1,0,0,0,1,2,1,1,0,1,0,1,0,1,1,0,1,0,0,0,1,0,1,0,2,1,0,2,1,0,0
"263",1,0,0,0,1,0,0,1,0,1,1,0,0,0,0,0,0,0,2,1,0,0,0,0,0,1,0,0,0,0,0,0,0,0,0,0,0,0,0,1,0,0,0,0,0,1,0,1,0,1,0,0,0,1,0,1,0,1,1,0,1,0,0,0,1,0,1,1,0,0,0,0,0,0,0,2,0,0,1,0,0,0,0,0,0,0,0,0,0,0,1,1,2,0,0,1,0,0,0,0
"264",1,2,1,1,1,0,0,0,0,0,1,0,0,0,0,0,0,1,0,1,0,1,0,1,0,1,1,0,0,1,1,0,1,0,0,1,0,0,1,1,1,0,1,0,0,0,1,0,0,0,0,1,0,1,0,0,0,0,0,0,0,0,0,0,0,1,0,0,0,0,1,0,1,0,0,0,1,1,0,0,0,1,0,0,0,1,2,0,0,0,0,0,0,0,1,0,0,0,1,0
"265",0,0,0,0,0,0,0,0,1,0,0,0,0,0,1,0,0,0,0,0,0,1,0,0,0,0,0,0,0,1,0,0,0,0,0,0,0,0,0,0,0,1,0,1,0,0,0,0,0,1,0,0,0,0,0,0,0,1,0,1,0,0,0,0,0,0,0,0,0,0,0,0,0,0,0,0,0,0,0,0,0,0,0,0,1,0,0,0,0,0,0,0,1,0,0,1,0,0,0,0
"266",0,0,0,0,0,0,0,0,0,0,0,0,0,1,0,0,0,0,0,0,0,1,0,0,0,0,1,0,0,0,0,0,0,0,0,0,0,0,0,0,0,0,0,0,1,0,0,0,1,0,0,0,0,0,0,0,0,0,0,0,0,0,0,0,0,0,0,0,0,0,0,0,0,0,0,0,0,0,0,0,0,0,0,0,0,0,0,0,0,0,0,0,0,0,0,0,0,0,0,0
"267",0,0,0,0,0,0,0,0,0,0,1,0,0,0,0,0,0,0,0,0,0,0,0,0,1,0,0,0,0,0,0,0,0,0,0,0,0,0,0,0,0,0,0,0,0,0,0,0,0,0,0,0,0,0,0,0,0,0,0,0,0,0,1,0,0,0,0,0,0,0,0,0,0,0,0,0,0,0,0,0,0,0,0,0,0,0,0,0,0,0,0,0,0,0,0,0,0,0,0,0
"268",0,0,0,0,0,0,0,0,0,0,0,0,0,0,0,0,0,0,0,0,0,0,0,0,0,0,0,0,0,0,0,0,0,0,0,0,0,0,0,0,0,0,0,0,0,0,1,0,0,0,0,0,0,0,0,0,0,0,0,0,0,0,0,0,0,0,1,0,0,0,0,0,0,0,0,0,0,0,0,0,0,0,0,0,0,0,0,0,0,0,0,0,0,0,0,0,0,0,0,0
"269",0,0,0,0,0,0,0,0,0,0,0,0,0,0,0,0,0,0,0,0,0,0,0,0,0,0,0,0,0,0,0,0,0,0,0,0,0,0,0,0,0,0,0,0,0,0,0,0,0,0,0,0,0,0,0,0,0,0,0,0,0,0,0,0,0,0,0,0,0,0,0,0,0,0,0,0,0,0,0,0,0,0,0,0,0,0,0,0,0,0,0,0,0,0,0,0,0,0,0,0
"270",0,0,0,0,0,0,0,0,0,0,0,0,0,0,0,0,0,0,0,0,0,0,0,0,0,0,0,0,0,0,0,0,0,0,0,0,0,0,0,0,0,0,0,0,0,0,0,0,0,0,0,0,0,0,0,0,0,0,0,0,0,0,0,0,0,0,0,0,0,0,0,0,0,0,0,0,0,0,0,0,0,0,0,0,0,0,0,0,0,0,0,0,0,0,0,0,0,0,0,0
"271",0,0,0,0,0,0,0,0,0,0,0,0,0,0,0,0,0,0,0,0,0,0,0,0,0,0,0,0,0,0,0,0,0,0,0,0,0,0,0,0,0,0,0,0,0,0,0,0,0,0,0,0,0,0,0,0,0,0,0,0,0,0,0,0,0,0,0,0,0,0,0,0,0,0,0,0,0,0,0,0,0,0,0,0,0,0,0,0,0,0,0,0,0,0,0,0,0,0,0,0
"272",0,0,0,0,0,0,0,0,0,0,0,0,0,0,0,0,0,0,0,0,0,0,0,0,0,0,0,0,0,0,0,0,0,0,0,0,0,0,0,0,0,0,0,0,0,0,0,0,0,0,0,0,0,0,0,0,0,0,0,0,0,0,0,0,0,0,0,0,0,0,0,0,0,0,0,0,0,0,0,0,0,0,0,0,0,0,0,0,0,0,0,0,0,0,0,0,0,0,0,0
"273",0,0,0,0,0,0,0,0,0,0,0,0,0,0,0,0,0,0,0,0,0,0,0,0,0,0,0,0,0,0,0,0,0,0,0,0,0,0,0,0,0,0,0,0,0,0,0,0,0,0,0,0,0,0,0,0,0,0,0,0,0,0,0,0,0,0,0,0,0,0,0,0,0,0,0,0,0,0,0,0,0,0,0,0,0,0,0,0,0,0,0,0,0,0,0,0,0,0,0,0
"274",0,0,0,0,0,0,0,0,0,0,0,0,0,0,0,0,0,0,0,0,0,0,0,0,0,0,0,0,0,0,0,0,0,0,0,0,0,0,0,0,0,0,0,0,0,0,0,0,0,0,0,0,0,0,0,0,0,0,0,0,0,0,0,0,0,0,0,0,0,0,0,0,0,0,0,0,0,0,0,0,0,0,0,0,0,0,0,0,0,0,0,0,0,0,0,0,0,0,0,0
"275",0,0,0,0,0,0,0,0,0,0,0,0,0,0,0,0,0,0,0,0,0,0,0,0,0,0,0,0,0,0,0,0,0,0,0,0,0,0,0,0,0,0,0,0,0,0,0,0,0,0,0,0,0,0,0,0,0,0,0,0,0,0,0,0,0,0,0,0,0,0,0,0,0,0,0,0,0,0,0,0,0,0,0,0,0,0,0,0,0,0,0,0,0,0,0,0,0,0,0,0
"276",0,0,0,0,0,0,0,0,0,0,0,0,0,0,0,0,0,0,0,0,0,0,0,0,0,0,0,0,0,0,0,0,0,0,0,0,0,0,0,0,0,0,0,0,0,0,0,0,0,0,0,0,0,0,0,0,0,0,0,0,0,0,0,0,0,0,0,0,0,0,0,0,0,0,0,0,0,0,0,0,0,0,0,0,0,0,0,0,0,0,0,0,0,0,0,0,0,0,0,0
"277",325,297,318,294,305,314,321,322,319,317,299,318,326,317,303,305,306,315,305,297,316,302,319,302,294,304,311,313,322,306,317,313,300,303,318,304,314,327,315,301,312,309,310,296,289,325,330,324,314,300,303,314,295,310,305,310,324,323,311,315,317,317,310,292,312,311,326,314,330,330,309,320,323,317,324,316,308,317,311,311,291,307,306,330,304,316,304,308,311,304,330,317,302,316,311,315,317,305,318,300
"278",23,26,33,36,40,36,27,29,34,40,33,29,27,23,35,36,28,37,33,38,37,29,32,35,38,32,29,27,38,27,33,39,39,29,32,27,34,22,35,35,29,34,30,42,34,26,29,32,24,28,28,21,27,27,33,32,26,24,30,26,28,25,32,31,31,33,30,30,27,35,27,31,31,32,20,27,35,21,35,38,31,25,36,27,37,30,32,30,33,32,27,28,38,23,32,30,33,31,28,44
"279",9,10,8,9,7,5,7,7,8,7,8,7,8,13,6,8,10,4,9,10,5,8,9,8,11,9,10,13,2,13,4,6,6,9,5,13,5,10,6,4,11,7,12,10,13,12,8,2,8,11,8,10,12,7,6,7,4,8,9,8,10,5,9,13,5,9,8,9,6,5,9,6,5,4,8,13,7,10,6,7,11,7,6,8,4,9,9,10,7,10,8,8,9,10,11,9,5,11,13,3
"280",1,7,3,6,1,3,5,3,2,1,3,2,6,3,5,5,3,2,6,5,2,2,1,4,3,1,3,2,4,2,2,5,3,4,6,5,3,3,1,5,3,3,2,3,6,4,3,5,6,3,5,3,5,4,2,4,2,4,7,5,3,4,2,4,5,5,1,3,5,5,4,7,4,4,1,3,3,7,3,2,4,7,3,2,4,3,6,4,0,4,1,4,5,7,2,2,5,2,2,1
"281",5,2,0,1,3,1,1,1,0,1,2,1,1,2,3,1,1,0,1,1,3,2,2,3,2,3,2,1,1,2,2,1,3,2,1,2,3,4,2,3,2,1,1,1,2,1,2,2,2,4,3,4,0,1,3,1,4,0,1,1,2,7,1,2,2,0,2,0,1,1,1,1,1,2,5,1,2,1,1,2,1,4,3,2,1,2,1,1,3,4,3,2,1,0,2,0,3,2,0,4
"282",1,2,0,0,0,2,1,0,1,1,1,1,0,0,1,0,2,1,1,2,0,2,0,1,0,0,0,1,0,1,1,1,0,1,1,0,0,0,1,1,0,3,1,1,0,1,1,0,1,0,1,1,2,0,1,0,1,0,0,1,0,0,2,1,1,0,1,2,1,0,0,0,2,2,1,1,2,0,1,0,1,1,0,1,2,1,1,0,2,1,1,0,0,2,1,2,0,0,0,2
"283",1,0,0,0,1,0,0,2,1,1,2,2,1,0,0,2,0,1,1,0,0,0,1,1,1,1,0,1,1,1,0,0,1,0,0,0,1,1,1,1,1,1,1,1,0,0,0,0,2,0,0,1,0,1,2,1,1,3,0,0,1,1,2,1,1,1,0,1,1,0,3,1,1,0,1,0,1,0,0,2,0,0,1,0,0,0,0,0,1,0,1,0,0,0,0,0,1,2,1,1
"284",0,0,0,1,1,0,0,1,1,0,0,0,0,2,1,0,0,1,0,0,0,2,0,0,1,1,0,1,1,0,0,0,0,1,1,0,0,0,0,0,1,0,1,0,0,0,0,2,0,1,2,0,0,0,1,1,0,1,0,1,1,0,0,1,1,0,0,1,0,0,1,0,0,0,0,1,0,1,1,0,1,1,0,1,1,0,0,0,1,0,0,1,0,1,1,1,0,1,0,0
"285",0,0,1,0,0,0,0,0,0,0,1,0,0,0,0,0,1,0,0,0,0,0,1,0,0,0,1,0,0,0,0,0,0,0,0,0,1,0,0,1,0,0,0,0,0,0,0,0,0,0,0,1,0,3,0,1,0,0,1,0,0,0,0,0,0,1,0,0,0,0,0,0,0,1,0,0,0,0,0,0,1,0,0,0,1,1,0,1,0,0,0,1,0,0,0,0,0,0,0,0
"286",0,0,0,1,0,1,0,0,0,0,0,1,0,0,0,0,1,1,0,0,0,1,0,0,0,0,1,0,0,1,1,0,1,0,0,0,0,0,1,0,0,0,0,0,1,0,0,0,0,0,0,0,1,0,0,0,0,0,0,1,0,0,0,0,0,0,1,0,0,0,0,0,0,0,1,0,0,1,1,0,1,0,1,0,0,0,1,0,0,0,0,0,1,0,0,1,0,0,0,0
"287",0,1,1,0,0,0,0,0,0,0,0,0,0,0,0,0,0,0,0,0,0,0,0,0,0,1,0,0,0,0,1,0,0,0,0,0,0,0,0,0,0,0,0,0,0,0,0,0,0,1,0,0,0,0,0,0,1,0,0,0,0,0,0,0,0,0,0,0,0,0,0,0,0,0,0,0,0,0,0,0,0,0,0,0,0,0,0,0,0,0,0,0,0,0,0,0,0,0,0,0
"288",0,0,0,0,0,0,0,0,0,0,0,0,0,0,0,0,0,0,0,0,1,0,0,0,0,0,0,0,0,0,0,0,0,1,0,0,0,0,0,0,0,0,0,0,0,0,0,0,0,0,0,0,0,0,0,0,0,0,0,0,0,0,0,0,0,0,0,0,0,0,0,0,0,0,0,0,0,0,0,0,0,0,0,0,0,0,0,1,0,0,0,0,0,0,0,0,0,0,1,0
"289",0,0,0,0,0,0,1,0,0,0,0,0,0,0,0,0,0,0,0,0,0,0,0,0,0,0,0,0,0,0,0,0,0,0,0,1,0,0,0,0,0,0,0,0,0,0,0,0,0,0,0,0,1,0,0,0,0,0,0,0,0,0,0,0,0,0,0,0,0,0,0,0,0,0,0,0,0,0,0,0,0,0,0,0,0,0,0,0,0,0,0,0,0,0,0,0,0,0,0,0
"290",0,0,0,0,0,0,0,0,0,0,0,0,0,0,0,0,0,0,0,0,0,0,0,0,0,0,0,0,0,0,0,0,0,0,0,0,0,0,0,0,0,0,0,0,0,0,0,0,0,0,0,0,0,0,0,0,0,0,0,0,0,0,0,0,0,0,0,0,0,0,0,0,0,0,0,0,0,0,0,0,0,0,0,0,0,0,0,0,0,0,0,0,0,0,0,0,0,0,0,0
"291",0,0,0,0,0,0,0,0,0,0,0,0,0,0,0,0,0,0,0,0,0,0,0,0,0,0,0,0,0,0,0,0,0,0,0,0,0,0,0,0,0,0,0,0,0,0,0,0,0,0,0,0,0,0,0,0,0,0,0,0,0,0,0,0,0,0,0,0,0,0,0,0,0,0,0,0,0,0,0,0,0,0,0,0,0,0,0,0,0,0,0,0,0,0,0,0,0,0,0,0
"292",0,0,0,0,0,0,0,0,0,0,0,0,0,0,0,0,0,0,0,0,0,0,0,0,0,0,0,0,0,0,0,0,0,0,0,0,0,0,0,0,0,0,0,0,0,0,0,0,0,0,0,0,0,0,0,0,0,0,0,0,0,0,0,0,0,0,0,0,0,0,0,0,0,0,0,0,0,0,0,0,0,0,0,0,0,0,0,0,0,0,0,0,0,0,0,0,0,0,0,0
"293",0,0,0,0,0,0,0,0,0,0,0,0,0,0,0,0,0,0,0,0,0,0,0,0,0,0,0,0,0,0,0,0,0,0,0,0,0,0,0,0,0,0,0,0,0,0,0,0,0,0,0,0,0,0,0,0,0,0,0,0,0,0,0,0,0,0,0,0,0,0,0,0,0,0,0,0,0,0,0,0,0,0,0,0,0,0,0,0,0,0,0,0,0,0,0,0,0,0,0,0
"294",0,0,0,0,0,0,0,0,0,0,0,0,0,0,0,0,0,0,0,0,0,0,0,0,0,0,0,0,0,0,0,0,0,0,0,0,0,0,0,0,0,0,0,0,0,0,0,0,0,0,0,0,0,0,0,0,0,0,0,0,0,0,0,0,0,0,0,0,0,0,0,0,0,0,0,0,0,0,0,0,0,0,0,0,0,0,0,0,0,0,0,0,0,0,0,0,0,0,0,0
"295",0,0,0,0,0,0,0,0,0,0,0,0,0,0,0,0,0,0,0,0,0,0,0,0,0,0,0,0,0,0,0,0,0,0,0,0,0,0,0,0,0,0,0,0,0,0,0,0,0,0,0,0,0,0,0,0,0,0,0,0,0,0,0,0,0,0,0,0,0,0,0,0,0,0,0,0,0,0,0,0,0,0,0,0,0,0,0,0,0,0,0,0,0,0,0,0,0,0,0,0
"296",0,0,0,0,0,0,0,0,0,0,0,0,0,0,0,0,0,0,0,0,0,0,0,0,0,0,0,0,0,0,0,0,0,0,0,0,0,0,0,0,0,0,0,0,0,0,0,0,0,0,0,0,0,0,0,0,0,0,0,0,0,0,0,0,0,0,0,0,0,0,0,0,0,0,0,0,0,0,0,0,0,0,0,0,0,0,0,0,0,0,0,0,0,0,0,0,0,0,0,0
"297",0,0,0,0,0,0,0,0,0,0,0,0,0,0,0,0,0,0,0,0,0,0,0,0,0,0,0,0,0,0,0,0,0,0,0,0,0,0,0,0,0,0,0,0,0,0,0,0,0,0,0,0,0,0,0,0,0,0,0,0,0,0,0,0,0,0,0,0,0,0,0,0,0,0,0,0,0,0,0,0,0,0,0,0,0,0,0,0,0,0,0,0,0,0,0,0,0,0,0,0
"298",0,0,0,0,0,0,0,0,0,0,0,0,0,0,0,0,0,0,0,0,0,0,0,0,0,0,0,0,0,0,0,0,0,0,0,0,0,0,0,0,0,0,0,0,0,0,0,0,0,0,0,0,0,0,0,0,0,0,0,0,0,0,0,0,0,0,0,0,0,0,0,0,0,0,0,0,0,0,0,0,0,0,0,0,0,0,0,0,0,0,0,0,0,0,0,0,0,0,0,0
"299",0,0,0,0,0,0,0,0,0,0,0,0,0,0,0,0,0,0,0,0,0,0,0,0,0,0,0,0,0,0,0,0,0,0,0,0,0,0,0,0,0,0,0,0,0,0,0,0,0,0,0,0,0,0,0,0,0,0,0,0,0,0,0,0,0,0,0,0,0,0,0,0,0,0,0,0,0,0,0,0,0,0,0,0,0,0,0,0,0,0,0,0,0,0,0,0,0,0,0,0
"300",275,270,273,253,274,262,259,288,282,278,278,280,261,275,285,277,273,287,276,279,269,268,250,265,276,265,285,276,273,270,278,282,265,270,274,265,251,291,279,275,287,289,274,285,290,275,266,284,284,279,273,286,273,275,266,276,275,287,286,270,282,291,290,296,281,274,287,281,282,306,278,275,276,260,296,261,272,280,285,285,270,271,274,282,271,279,273,259,281,264,279,264,281,281,265,256,275,261,279,293
"301",22,28,28,26,25,30,29,24,29,22,26,20,25,27,24,30,19,20,25,31,24,25,35,31,31,23,24,22,27,33,20,25,31,27,27,31,29,22,22,25,20,25,28,21,25,25,28,30,26,24,25,20,25,20,31,22,26,21,24,26,18,27,26,24,26,27,20,25,24,24,28,22,21,26,18,23,27,20,23,26,32,24,28,27,19,24,22,20,19,25,25,29,26,20,31,29,27,29,30,20
"302",4,6,4,11,7,7,8,11,4,12,9,8,9,6,6,5,9,2,4,7,6,6,11,4,5,8,8,8,6,5,10,7,9,5,10,6,11,5,8,10,6,3,8,11,4,5,9,4,3,3,5,6,3,9,2,2,5,8,8,10,5,3,3,4,8,3,10,8,7,5,8,7,12,8,6,8,8,6,7,6,8,10,6,5,9,7,6,6,8,7,7,8,5,5,7,9,4,10,4,7
"303",5,2,2,4,3,3,6,0,2,0,2,3,4,4,4,1,7,3,7,0,5,3,4,4,3,5,3,2,2,3,4,2,2,3,2,3,5,2,1,0,3,0,3,1,3,5,1,2,2,2,3,2,1,2,5,5,3,4,2,2,2,1,2,0,0,4,2,1,0,2,2,2,3,3,3,3,2,1,3,3,0,1,2,3,4,4,4,7,6,5,1,3,3,6,3,3,2,1,4,4
"304",2,1,1,3,1,1,1,0,1,0,0,3,2,1,2,0,1,1,1,3,0,2,0,0,1,1,0,1,3,0,1,0,0,1,1,1,3,1,1,1,0,3,0,1,1,1,1,1,2,3,0,1,2,3,1,3,1,0,1,0,3,1,2,3,1,3,0,2,2,0,1,3,1,2,0,3,1,4,0,2,1,0,3,1,1,1,0,3,2,3,3,0,2,2,1,1,0,1,2,0
"305",0,1,1,0,1,0,0,0,2,2,2,1,1,0,0,2,1,2,1,0,1,2,0,2,0,0,0,2,0,1,0,1,1,1,1,1,0,1,1,1,1,0,0,0,0,2,2,0,0,3,3,2,1,2,0,0,0,0,1,1,1,1,0,1,1,0,2,0,0,0,1,1,1,0,1,0,1,0,1,0,1,4,1,0,1,0,0,0,0,0,0,2,0,0,2,2,0,2,0,0
"306",0,2,0,0,0,1,1,0,0,1,0,0,1,0,0,0,0,1,0,0,1,1,0,0,1,0,0,0,0,0,0,0,0,1,0,0,0,0,1,0,2,2,0,0,0,0,1,0,2,0,0,0,2,0,0,0,1,0,0,0,1,0,0,0,0,0,0,0,1,0,0,0,0,0,0,1,0,1,1,0,0,0,0,0,2,0,1,1,0,1,0,1,1,1,0,1,4,1,0,1
"307",2,0,1,1,0,0,0,1,0,0,0,0,0,0,0,0,0,1,0,0,0,0,1,0,0,1,1,1,0,1,1,0,0,1,0,0,0,1,1,0,0,0,0,1,1,0,0,1,0,0,0,1,0,0,1,2,0,1,0,0,1,1,1,0,0,0,0,1,0,0,0,1,0,0,0,0,1,1,0,0,1,0,0,0,0,1,1,0,0,0,1,0,0,0,0,0,0,0,0,0
"308",0,0,1,0,1,0,0,0,0,0,0,0,0,1,0,1,0,0,0,0,1,0,0,0,0,1,0,0,1,0,0,0,1,0,0,1,0,0,0,0,0,0,0,0,0,0,0,0,0,0,1,0,0,0,0,0,0,0,0,0,0,0,0,0,1,1,0,0,1,0,0,0,0,1,1,0,0,0,0,0,0,0,0,1,0,0,0,0,0,0,0,0,0,0,0,0,0,0,0,0
"309",0,0,0,0,0,1,0,0,0,0,0,0,0,0,0,0,0,0,0,0,0,0,0,1,0,0,0,0,0,0,0,1,0,0,0,0,0,0,0,0,0,0,0,0,0,0,0,0,0,0,0,0,0,0,1,0,0,0,0,0,0,0,0,0,0,0,0,0,0,0,0,0,0,1,0,0,0,0,0,0,0,0,0,0,0,0,0,1,0,0,0,0,0,0,0,0,0,0,0,0
"310",0,0,0,0,0,0,0,0,0,0,0,0,0,0,0,0,0,0,0,0,0,0,0,0,0,0,0,0,0,0,0,0,0,0,0,0,0,0,0,1,0,0,1,0,0,0,0,0,0,0,0,0,1,0,0,0,1,0,0,1,0,0,0,0,0,0,0,0,0,0,0,0,0,0,0,0,0,0,0,0,0,0,0,0,0,0,1,0,0,0,0,0,0,0,0,0,0,0,0,0
"311",0,0,0,0,0,0,0,0,0,0,0,0,0,0,0,0,0,0,0,0,0,0,0,0,0,0,0,0,0,0,0,0,0,0,0,0,0,0,0,0,0,0,0,0,0,0,0,0,0,0,0,0,0,0,0,0,0,0,0,0,0,0,0,0,0,0,0,0,0,0,0,0,0,0,0,1,0,0,0,0,0,0,0,0,0,0,0,0,0,0,0,0,0,0,0,0,0,0,0,0
"312",0,0,0,0,0,0,0,0,0,0,0,0,0,0,0,0,0,0,0,0,0,0,0,0,0,0,0,0,0,0,0,0,0,0,0,0,0,0,0,0,0,0,0,0,0,0,0,0,0,0,0,0,0,0,0,0,0,0,0,0,0,0,0,0,0,0,0,0,0,0,0,0,0,0,0,0,0,0,0,0,0,0,0,0,0,0,0,0,0,0,0,0,0,0,0,0,0,0,0,0
"313",0,0,0,0,0,0,0,0,0,0,0,0,0,0,0,0,0,0,0,0,0,0,0,0,0,0,0,0,0,0,0,0,0,0,0,0,0,0,0,0,0,0,0,0,0,0,0,0,0,0,0,0,0,0,0,0,0,0,0,0,0,0,0,0,0,0,0,0,0,0,0,0,0,0,0,0,0,0,0,0,0,0,0,0,0,0,0,0,0,0,0,0,0,0,0,0,0,0,0,0
"314",0,0,0,0,0,0,0,0,0,0,0,0,0,0,0,0,0,0,0,0,0,0,0,0,0,0,0,0,0,0,0,0,0,0,0,0,0,0,0,0,0,0,0,0,0,0,0,0,0,0,0,0,0,0,0,0,0,0,0,0,0,0,0,0,0,0,0,0,0,0,0,0,0,0,0,0,0,0,0,0,0,0,0,0,0,0,0,0,0,0,0,0,0,0,0,0,0,0,0,0
"315",0,0,0,0,0,0,0,0,0,0,0,0,0,0,0,0,0,0,0,0,0,0,0,0,0,0,0,0,0,0,0,0,0,0,0,0,0,0,0,0,0,0,0,0,0,0,0,0,0,0,0,0,0,0,0,0,0,0,0,0,0,0,0,0,0,0,0,0,0,0,0,0,0,0,0,0,0,0,0,0,0,0,0,0,0,0,0,0,0,0,0,0,0,0,0,0,0,0,0,0
"316",0,0,0,0,0,0,0,0,0,0,0,0,0,0,0,0,0,0,0,0,0,0,0,0,0,0,0,0,0,0,0,0,0,0,0,0,0,0,0,0,0,0,0,0,0,0,0,0,0,0,0,0,0,0,0,0,0,0,0,0,0,0,0,0,0,0,0,0,0,0,0,0,0,0,0,0,0,0,0,0,0,0,0,0,0,0,0,0,0,0,0,0,0,0,0,0,0,0,0,0
"317",0,0,0,0,0,0,0,0,0,0,0,0,0,0,0,0,0,0,0,0,0,0,0,0,0,0,0,0,0,0,0,0,0,0,0,0,0,0,0,0,0,0,0,0,0,0,0,0,0,0,0,0,0,0,0,0,0,0,0,0,0,0,0,0,0,0,0,0,0,0,0,0,0,0,0,0,0,0,0,0,0,0,0,0,0,0,0,0,0,0,0,0,0,0,0,0,0,0,0,0
"318",0,0,0,0,0,0,0,0,0,0,0,0,0,0,0,0,0,0,0,0,0,0,0,0,0,0,0,0,0,0,0,0,0,0,0,0,0,0,0,0,0,0,0,0,0,0,0,0,0,0,0,0,0,0,0,0,0,0,0,0,0,0,0,0,0,0,0,0,0,0,0,0,0,0,0,0,0,0,0,0,0,0,0,0,0,0,0,0,0,0,0,0,0,0,0,0,0,0,0,0
"319",0,0,0,0,0,0,0,0,0,0,0,0,0,0,0,0,0,0,0,0,0,0,0,0,0,0,0,0,0,0,0,0,0,0,0,0,0,0,0,0,0,0,0,0,0,0,0,0,0,0,0,0,0,0,0,0,0,0,0,0,0,0,0,0,0,0,0,0,0,0,0,0,0,0,0,0,0,0,0,0,0,0,0,0,0,0,0,0,0,0,0,0,0,0,0,0,0,0,0,0
"320",0,0,0,0,0,0,0,0,0,0,0,0,0,0,0,0,0,0,0,0,0,0,0,0,0,0,0,0,0,0,0,0,0,0,0,0,0,0,0,0,0,0,0,0,0,0,0,0,0,0,0,0,0,0,0,0,0,0,0,0,0,0,0,0,0,0,0,0,0,0,0,0,0,0,0,0,0,0,0,0,0,0,0,0,0,0,0,0,0,0,0,0,0,0,0,0,0,0,0,0
"321",0,0,0,0,0,0,0,0,0,0,0,0,0,0,0,0,0,0,0,0,0,0,0,0,0,0,0,0,0,0,0,0,0,0,0,0,0,0,0,0,0,0,0,0,0,0,0,0,0,0,0,0,0,0,0,0,0,0,0,0,0,0,0,0,0,0,0,0,0,0,0,0,0,0,0,0,0,0,0,0,0,0,0,0,0,0,0,0,0,0,0,0,0,0,0,0,0,0,0,0
"322",0,0,0,0,0,0,0,0,0,0,0,0,0,0,0,0,0,0,0,0,0,0,0,0,0,0,0,0,0,0,0,0,0,0,0,0,0,0,0,0,0,0,0,0,0,0,0,0,0,0,0,0,0,0,0,0,0,0,0,0,0,0,0,0,0,0,0,0,0,0,0,0,0,0,0,0,0,0,0,0,0,0,0,0,0,0,0,0,0,0,0,0,0,0,0,0,0,0,0,0
"323",238,237,244,241,235,228,243,242,225,241,241,252,247,233,226,237,226,240,246,240,235,237,256,236,244,246,242,228,247,227,255,245,222,233,245,254,239,228,245,236,228,239,240,242,233,240,252,238,241,229,250,239,232,225,230,235,244,234,240,244,230,235,240,249,240,246,246,231,253,230,236,236,233,250,259,232,232,229,225,218,255,240,243,238,220,247,244,239,238,248,243,231,251,247,250,227,252,233,230,236
"324",21,19,17,18,17,20,17,21,20,21,21,16,20,23,26,23,23,21,24,25,17,18,12,18,18,21,21,26,22,18,20,18,27,25,22,14,23,21,19,23,25,23,18,18,19,19,21,28,19,20,24,24,22,33,28,27,18,24,22,19,22,22,18,16,20,21,19,22,14,23,22,20,18,16,15,24,23,29,22,24,16,19,22,19,30,16,18,19,19,9,14,25,18,24,19,27,19,20,15,22
"325",4,5,3,5,8,5,6,3,9,6,6,5,4,5,4,4,6,4,4,6,7,2,8,7,2,6,6,5,6,8,5,7,8,4,4,7,4,4,4,8,7,2,6,3,4,6,5,4,5,12,4,5,5,2,4,3,2,5,5,6,3,5,5,5,7,4,3,6,3,4,6,3,7,4,5,6,7,3,5,8,4,6,3,3,5,7,6,7,5,4,7,4,2,5,3,4,4,9,8,4
"326",2,1,4,2,2,6,1,1,1,2,2,0,0,5,1,1,3,1,2,0,1,3,1,0,2,2,3,2,0,4,1,0,0,1,2,0,3,1,1,2,0,4,1,4,4,2,0,2,5,1,1,3,3,3,2,1,1,3,1,0,2,2,4,1,1,2,2,1,2,5,4,1,3,0,1,1,1,3,2,2,1,0,2,3,2,1,4,1,2,6,4,2,1,1,2,1,3,1,3,2
"327",0,1,1,0,0,0,3,1,1,1,1,3,0,0,0,0,1,2,0,0,0,3,0,1,0,0,0,1,1,1,0,1,0,3,1,1,1,1,3,0,1,0,2,1,3,2,1,0,0,1,0,0,1,1,0,0,1,1,1,0,2,1,0,1,0,0,1,2,0,0,0,1,0,4,0,1,1,0,2,2,1,1,2,1,1,2,0,1,0,0,0,0,2,0,0,1,0,2,0,0
"328",1,1,1,0,1,0,0,2,1,0,0,0,0,0,1,0,0,1,0,1,1,0,1,0,1,0,0,1,0,1,0,0,1,0,0,1,0,2,0,0,0,0,1,1,0,0,0,0,0,0,0,0,1,0,0,2,2,0,1,0,1,0,0,0,0,1,0,0,0,1,0,2,2,0,1,0,1,1,2,1,1,1,0,2,1,0,0,0,0,2,1,1,0,0,0,2,0,0,1,1
"329",0,0,0,2,1,1,0,0,1,0,0,0,1,0,2,1,1,0,0,0,2,0,0,1,2,0,0,0,0,0,0,1,0,0,0,0,0,0,0,0,0,1,0,0,0,0,0,0,0,0,0,0,0,0,0,0,1,0,0,2,1,1,1,0,0,0,0,1,1,0,0,0,0,0,0,1,0,0,0,0,0,1,0,0,0,0,0,1,1,0,0,1,1,0,0,0,0,0,0,0
"330",1,0,0,0,0,0,0,0,0,0,0,0,1,0,0,1,0,0,0,0,0,1,0,0,0,0,0,0,0,0,0,0,1,0,0,0,0,0,0,0,0,0,0,0,0,0,0,0,0,0,0,0,0,0,1,0,0,0,0,0,0,0,0,0,0,0,1,0,0,0,0,1,0,0,0,0,0,0,0,0,0,0,0,0,0,0,0,0,1,0,0,0,0,0,0,0,0,0,0,1
"331",0,1,0,0,0,0,0,0,0,0,0,0,0,0,0,0,0,0,0,0,0,0,0,1,0,0,0,0,0,0,0,0,0,0,0,0,0,0,0,0,0,0,0,0,0,0,0,0,0,0,0,0,0,0,0,0,0,0,0,0,0,0,0,1,1,0,0,0,1,0,0,0,0,0,0,0,0,0,0,0,0,0,0,0,0,0,0,0,0,0,0,0,0,0,1,0,0,0,0,0
"332",0,0,0,0,0,0,0,0,0,0,0,0,0,0,0,0,0,0,0,0,0,0,0,0,0,0,0,0,0,0,0,0,0,0,0,0,0,0,0,0,1,0,0,0,0,0,0,0,0,0,0,0,0,0,0,0,0,0,0,0,0,0,0,0,0,0,0,0,0,0,0,0,0,0,0,0,0,0,0,0,0,0,0,0,0,0,0,0,0,0,0,0,0,0,0,0,0,0,0,0
"333",0,0,0,0,0,0,0,0,0,0,0,0,0,0,0,0,0,0,0,0,0,0,0,0,0,0,0,0,0,0,0,0,0,0,0,0,0,1,0,0,0,0,0,0,0,0,0,0,0,0,0,0,0,0,0,0,0,0,0,0,0,0,0,0,0,0,0,0,0,0,0,0,0,0,0,0,0,0,0,0,0,0,0,0,0,0,0,0,0,0,0,0,0,0,0,0,0,0,0,0
"334",0,0,0,0,0,0,0,0,0,0,0,0,0,0,0,0,0,0,0,0,0,0,0,0,0,0,0,0,0,0,0,0,0,0,0,0,0,0,0,0,0,0,0,0,0,0,0,0,0,0,0,0,0,0,0,0,0,0,0,0,0,0,0,0,0,0,0,0,0,0,0,0,0,0,0,0,0,0,0,0,0,0,0,0,0,0,0,0,0,0,0,0,0,0,0,0,0,0,1,0
"335",0,0,0,0,0,0,0,0,0,0,0,0,0,0,0,0,0,0,0,0,0,0,0,0,0,0,0,0,0,0,0,0,0,0,0,0,0,0,0,0,0,0,0,0,0,0,0,0,0,0,0,0,0,0,0,0,0,0,0,0,0,0,0,0,0,0,0,0,0,0,0,0,0,0,0,0,0,0,0,0,0,0,0,0,0,0,0,0,0,0,0,0,0,0,0,0,0,0,0,0
"336",0,0,0,0,0,0,0,0,0,0,0,0,0,0,0,0,0,0,0,0,0,0,0,0,0,0,0,0,0,0,0,0,0,0,0,0,0,0,0,0,0,0,0,0,0,0,0,0,0,0,0,0,0,0,0,0,0,0,0,0,0,0,0,0,0,0,0,0,0,0,0,0,0,0,0,0,0,0,0,0,0,0,0,0,0,0,0,0,0,0,0,0,0,0,0,0,0,0,0,0
"337",0,0,0,0,0,0,0,0,0,0,0,0,0,0,0,0,0,0,0,0,0,0,0,0,0,0,0,0,0,0,0,0,0,0,0,0,0,0,0,0,0,0,0,0,0,0,0,0,0,0,0,0,0,0,0,0,0,0,0,0,0,0,0,0,0,0,0,0,0,0,0,0,0,0,0,0,0,0,0,0,0,0,0,0,0,0,0,0,0,0,0,0,0,0,0,0,0,0,0,0
"338",0,0,0,0,0,0,0,0,0,0,0,0,0,0,0,0,0,0,0,0,0,0,0,0,0,0,0,0,0,0,0,0,0,0,0,0,0,0,0,0,0,0,0,0,0,0,0,0,0,0,0,0,0,0,0,0,0,0,0,0,0,0,0,0,0,0,0,0,0,0,0,0,0,0,0,0,0,0,0,0,0,0,0,0,0,0,0,0,0,0,0,0,0,0,0,0,0,0,0,0
"339",0,0,0,0,0,0,0,0,0,0,0,0,0,0,0,0,0,0,0,0,0,0,0,0,0,0,0,0,0,0,0,0,0,0,0,0,0,0,0,0,0,0,0,0,0,0,0,0,0,0,0,0,0,0,0,0,0,0,0,0,0,0,0,0,0,0,0,0,0,0,0,0,0,0,0,0,0,0,0,0,0,0,0,0,0,0,0,0,0,0,0,0,0,0,0,0,0,0,0,0
"340",0,0,0,0,0,0,0,0,0,0,0,0,0,0,0,0,0,0,0,0,0,0,0,0,0,0,0,0,0,0,0,0,0,0,0,0,0,0,0,0,0,0,0,0,0,0,0,0,0,0,0,0,0,0,0,0,0,0,0,0,0,0,0,0,0,0,0,0,0,0,0,0,0,0,0,0,0,0,0,0,0,0,0,0,0,0,0,0,0,0,0,0,0,0,0,0,0,0,0,0
"341",0,0,0,0,0,0,0,0,0,0,0,0,0,0,0,0,0,0,0,0,0,0,0,0,0,0,0,0,0,0,0,0,0,0,0,0,0,0,0,0,0,0,0,0,0,0,0,0,0,0,0,0,0,0,0,0,0,0,0,0,0,0,0,0,0,0,0,0,0,0,0,0,0,0,0,0,0,0,0,0,0,0,0,0,0,0,0,0,0,0,0,0,0,0,0,0,0,0,0,0
"342",0,0,0,0,0,0,0,0,0,0,0,0,0,0,0,0,0,0,0,0,0,0,0,0,0,0,0,0,0,0,0,0,0,0,0,0,0,0,0,0,0,0,0,0,0,0,0,0,0,0,0,0,0,0,0,0,0,0,0,0,0,0,0,0,0,0,0,0,0,0,0,0,0,0,0,0,0,0,0,0,0,0,0,0,0,0,0,0,0,0,0,0,0,0,0,0,0,0,0,0
"343",0,0,0,0,0,0,0,0,0,0,0,0,0,0,0,0,0,0,0,0,0,0,0,0,0,0,0,0,0,0,0,0,0,0,0,0,0,0,0,0,0,0,0,0,0,0,0,0,0,0,0,0,0,0,0,0,0,0,0,0,0,0,0,0,0,0,0,0,0,0,0,0,0,0,0,0,0,0,0,0,0,0,0,0,0,0,0,0,0,0,0,0,0,0,0,0,0,0,0,0
"344",0,0,0,0,0,0,0,0,0,0,0,0,0,0,0,0,0,0,0,0,0,0,0,0,0,0,0,0,0,0,0,0,0,0,0,0,0,0,0,0,0,0,0,0,0,0,0,0,0,0,0,0,0,0,0,0,0,0,0,0,0,0,0,0,0,0,0,0,0,0,0,0,0,0,0,0,0,0,0,0,0,0,0,0,0,0,0,0,0,0,0,0,0,0,0,0,0,0,0,0
"345",0,0,0,0,0,0,0,0,0,0,0,0,0,0,0,0,0,0,0,0,0,0,0,0,0,0,0,0,0,0,0,0,0,0,0,0,0,0,0,0,0,0,0,0,0,0,0,0,0,0,0,0,0,0,0,0,0,0,0,0,0,0,0,0,0,0,0,0,0,0,0,0,0,0,0,0,0,0,0,0,0,0,0,0,0,0,0,0,0,0,0,0,0,0,0,0,0,0,0,0
"346",209,206,204,198,192,192,172,215,202,198,198,192,192,200,202,216,204,208,206,186,196,195,202,192,192,213,187,218,202,202,189,207,202,201,208,194,208,213,191,198,194,195,201,204,197,204,196,202,208,201,202,198,203,189,207,184,191,195,177,202,202,210,199,202,192,200,188,188,197,191,200,211,204,186,185,194,201,188,187,201,194,203,196,191,206,203,198,202,199,194,209,195,196,200,215,194,197,196,205,194
"347",15,14,12,11,20,20,26,9,14,15,16,17,14,11,11,12,18,14,15,16,18,17,18,17,18,11,15,11,18,14,18,17,17,13,12,19,13,17,20,17,20,20,19,11,16,17,18,14,16,20,16,12,15,19,15,17,12,18,17,11,12,12,12,10,21,12,26,17,15,20,11,11,18,18,20,17,19,14,21,13,15,12,14,14,12,18,14,15,13,18,10,12,14,15,8,13,20,16,11,17
"348",1,2,5,4,1,5,5,5,3,4,6,4,5,4,6,4,1,1,4,3,4,4,2,4,2,0,5,4,2,2,3,0,2,5,3,5,4,0,4,3,6,4,1,2,5,3,4,3,4,2,3,5,2,2,5,4,5,3,3,8,6,3,3,2,6,5,2,2,2,3,4,2,4,5,4,4,3,6,3,5,2,2,3,7,2,2,2,2,3,2,6,6,3,6,3,7,1,5,5,3
"349",1,0,1,2,1,0,2,1,2,3,1,1,1,3,1,0,1,0,1,2,0,1,2,2,2,1,1,0,2,1,2,1,1,1,0,0,0,0,1,1,0,0,0,5,2,0,2,2,0,0,1,1,2,2,0,3,2,3,3,1,2,1,2,3,0,2,0,3,2,1,0,2,0,1,0,0,1,1,1,1,3,0,2,3,2,0,2,2,2,1,0,1,2,1,0,0,3,1,0,0
"350",0,0,1,0,1,1,1,0,1,0,0,2,1,0,0,0,1,0,0,1,0,0,0,0,2,0,2,0,0,1,2,0,0,0,1,1,0,1,1,0,0,1,2,0,0,1,0,1,0,1,1,1,1,1,0,2,1,0,0,0,0,1,1,1,0,1,0,1,1,0,0,1,0,1,3,0,0,0,2,0,2,1,1,0,0,0,1,0,2,1,1,1,1,0,0,1,0,1,0,3
"351",1,2,0,2,0,0,0,0,0,0,0,0,0,1,1,0,0,1,0,2,0,0,0,1,0,1,1,0,0,0,0,0,1,1,1,0,1,0,0,0,0,0,0,0,0,0,0,0,0,0,0,1,0,1,0,0,0,0,2,0,0,0,0,0,0,0,1,0,1,0,3,0,0,1,0,2,0,0,0,1,0,0,1,0,0,0,0,1,0,0,0,1,1,0,2,1,0,0,0,0
"352",0,0,0,0,0,0,0,0,0,0,0,0,0,0,0,0,0,1,0,0,0,1,0,0,0,1,0,0,0,1,0,1,0,0,0,0,0,0,0,1,0,0,0,0,0,0,0,0,0,0,0,0,0,0,0,0,0,0,0,0,0,0,1,1,0,0,0,1,0,0,0,0,0,0,0,0,0,2,0,0,0,2,0,0,0,1,1,0,0,1,0,0,0,0,0,0,0,0,0,0
"353",0,0,0,0,1,0,0,0,0,0,0,0,1,0,0,0,0,0,0,0,1,0,0,0,0,0,0,0,0,0,0,0,0,0,0,0,0,0,0,0,0,0,0,0,0,0,0,0,0,0,0,0,0,0,0,0,0,0,1,0,0,0,0,0,0,0,0,0,0,1,0,0,0,0,0,0,0,0,0,0,0,0,0,0,1,0,0,0,0,0,0,0,0,0,0,0,0,0,0,0
"354",0,0,0,0,0,0,0,0,0,0,0,0,0,0,0,0,0,0,0,0,0,0,0,0,0,0,0,0,0,0,0,0,0,0,0,0,0,0,0,0,0,0,0,0,0,0,0,0,0,0,0,0,0,0,0,0,1,0,0,0,0,0,0,0,0,0,0,0,0,0,0,0,0,0,0,0,0,0,0,0,0,0,0,0,0,0,0,0,0,0,0,0,0,0,0,0,0,0,0,0
"355",0,0,0,0,0,0,0,0,0,0,0,0,0,0,0,0,0,0,0,0,0,0,0,0,0,0,0,0,0,0,0,0,0,0,0,0,0,0,0,0,0,0,0,0,0,0,0,0,0,0,0,0,0,0,0,0,0,0,0,0,0,0,0,0,0,0,0,0,0,0,0,0,0,0,0,0,0,0,0,0,0,0,0,0,0,0,0,0,0,0,0,0,0,0,0,0,0,0,1,0
"356",0,0,0,0,0,0,0,0,0,0,0,0,0,0,0,0,0,0,0,0,0,0,0,0,0,0,0,0,0,0,0,0,0,0,0,0,0,0,0,0,0,0,0,0,0,0,0,0,0,0,0,0,0,0,0,0,0,0,0,0,0,0,0,0,0,0,0,0,0,0,0,0,0,0,0,0,0,0,0,0,0,0,0,0,0,0,0,0,0,0,0,0,0,0,0,0,0,0,0,0
"357",0,0,0,0,0,0,0,0,0,0,0,0,0,0,0,0,0,0,0,0,0,0,0,0,0,0,0,0,0,0,0,0,0,0,0,0,0,0,0,0,0,0,0,0,0,0,0,0,0,0,0,0,0,0,0,0,0,0,0,0,0,0,0,0,0,0,0,0,0,0,0,0,0,0,0,0,0,0,0,0,0,0,0,0,0,0,0,0,0,0,0,0,0,0,0,0,0,0,0,0
"358",0,0,0,0,0,0,0,0,0,0,0,0,0,0,0,0,0,0,0,0,0,0,0,0,0,0,0,0,0,0,0,0,0,0,0,0,0,0,0,0,0,0,0,0,0,0,0,0,0,0,0,0,0,0,0,0,0,0,0,0,0,0,0,0,0,0,0,0,0,0,0,0,0,0,0,0,0,0,0,0,0,0,0,0,0,0,0,0,0,0,0,0,0,0,0,0,0,0,0,0
"359",0,0,0,0,0,0,0,0,0,0,0,0,0,0,0,0,0,0,0,0,0,0,0,0,0,0,0,0,0,0,0,0,0,0,0,0,0,0,0,0,0,0,0,0,0,0,0,0,0,0,0,0,0,0,0,0,0,0,0,0,0,0,0,0,0,0,0,0,0,0,0,0,0,0,0,0,0,0,0,0,0,0,0,0,0,0,0,0,0,0,0,0,0,0,0,0,0,0,0,0
"360",0,0,0,0,0,0,0,0,0,0,0,0,0,0,0,0,0,0,0,0,0,0,0,0,0,0,0,0,0,0,0,0,0,0,0,0,0,0,0,0,0,0,0,0,0,0,0,0,0,0,0,0,0,0,0,0,0,0,0,0,0,0,0,0,0,0,0,0,0,0,0,0,0,0,0,0,0,0,0,0,0,0,0,0,0,0,0,0,0,0,0,0,0,0,0,0,0,0,0,0
"361",0,0,0,0,0,0,0,0,0,0,0,0,0,0,0,0,0,0,0,0,0,0,0,0,0,0,0,0,0,0,0,0,0,0,0,0,0,0,0,0,0,0,0,0,0,0,0,0,0,0,0,0,0,0,0,0,0,0,0,0,0,0,0,0,0,0,0,0,0,0,0,0,0,0,0,0,0,0,0,0,0,0,0,0,0,0,0,0,0,0,0,0,0,0,0,0,0,0,0,0
"362",0,0,0,0,0,0,0,0,0,0,0,0,0,0,0,0,0,0,0,0,0,0,0,0,0,0,0,0,0,0,0,0,0,0,0,0,0,0,0,0,0,0,0,0,0,0,0,0,0,0,0,0,0,0,0,0,0,0,0,0,0,0,0,0,0,0,0,0,0,0,0,0,0,0,0,0,0,0,0,0,0,0,0,0,0,0,0,0,0,0,0,0,0,0,0,0,0,0,0,0
"363",0,0,0,0,0,0,0,0,0,0,0,0,0,0,0,0,0,0,0,0,0,0,0,0,0,0,0,0,0,0,0,0,0,0,0,0,0,0,0,0,0,0,0,0,0,0,0,0,0,0,0,0,0,0,0,0,0,0,0,0,0,0,0,0,0,0,0,0,0,0,0,0,0,0,0,0,0,0,0,0,0,0,0,0,0,0,0,0,0,0,0,0,0,0,0,0,0,0,0,0
"364",0,0,0,0,0,0,0,0,0,0,0,0,0,0,0,0,0,0,0,0,0,0,0,0,0,0,0,0,0,0,0,0,0,0,0,0,0,0,0,0,0,0,0,0,0,0,0,0,0,0,0,0,0,0,0,0,0,0,0,0,0,0,0,0,0,0,0,0,0,0,0,0,0,0,0,0,0,0,0,0,0,0,0,0,0,0,0,0,0,0,0,0,0,0,0,0,0,0,0,0
"365",0,0,0,0,0,0,0,0,0,0,0,0,0,0,0,0,0,0,0,0,0,0,0,0,0,0,0,0,0,0,0,0,0,0,0,0,0,0,0,0,0,0,0,0,0,0,0,0,0,0,0,0,0,0,0,0,0,0,0,0,0,0,0,0,0,0,0,0,0,0,0,0,0,0,0,0,0,0,0,0,0,0,0,0,0,0,0,0,0,0,0,0,0,0,0,0,0,0,0,0
"366",0,0,0,0,0,0,0,0,0,0,0,0,0,0,0,0,0,0,0,0,0,0,0,0,0,0,0,0,0,0,0,0,0,0,0,0,0,0,0,0,0,0,0,0,0,0,0,0,0,0,0,0,0,0,0,0,0,0,0,0,0,0,0,0,0,0,0,0,0,0,0,0,0,0,0,0,0,0,0,0,0,0,0,0,0,0,0,0,0,0,0,0,0,0,0,0,0,0,0,0
"367",0,0,0,0,0,0,0,0,0,0,0,0,0,0,0,0,0,0,0,0,0,0,0,0,0,0,0,0,0,0,0,0,0,0,0,0,0,0,0,0,0,0,0,0,0,0,0,0,0,0,0,0,0,0,0,0,0,0,0,0,0,0,0,0,0,0,0,0,0,0,0,0,0,0,0,0,0,0,0,0,0,0,0,0,0,0,0,0,0,0,0,0,0,0,0,0,0,0,0,0
"368",0,0,0,0,0,0,0,0,0,0,0,0,0,0,0,0,0,0,0,0,0,0,0,0,0,0,0,0,0,0,0,0,0,0,0,0,0,0,0,0,0,0,0,0,0,0,0,0,0,0,0,0,0,0,0,0,0,0,0,0,0,0,0,0,0,0,0,0,0,0,0,0,0,0,0,0,0,0,0,0,0,0,0,0,0,0,0,0,0,0,0,0,0,0,0,0,0,0,0,0
